Código;Índice;Qtde Teórica;Part. (%)
ABEV3;Ibovespa;4358542894;3.243
ASAI3;Ibovespa;88180251;0.333
AZUL4;Ibovespa;327262616;0.626
BTOW3;Ibovespa;201802882;0.583
B3SA3;Ibovespa;6119434194;4.487
BIDI11;Ibovespa;235350939;0.798
BBSE3;Ibovespa;671584841;0.676
BRML3;Ibovespa;843728684;0.373
BBDC3;Ibovespa;1253093907;1.194
BBDC4;Ibovespa;4261649634;4.780
BRAP4;Ibovespa;222604507;0.722
BBAS3;Ibovespa;1283197221;1.797
BRKM5;Ibovespa;264640575;0.687
BRFS3;Ibovespa;811759800;0.967
BPAC11;Ibovespa;1041983176;1.386
CRFB3;Ibovespa;391758726;0.359
CCRO3;Ibovespa;1115693556;0.654
CMIG4;Ibovespa;1081211185;0.572
HGTX3;Ibovespa;126186408;0.188
CIEL3;Ibovespa;1112196638;0.176
COGN3;Ibovespa;1847994874;0.349
CPLE6;Ibovespa;570829074;0.148
CSAN3;Ibovespa;1169237744;1.221
CPFE3;Ibovespa;187714249;0.220
CVCB3;Ibovespa;225955651;0.273
CYRE3;Ibovespa;281154098;0.286
ECOR3;Ibovespa;172602770;0.090
ELET3;Ibovespa;358018408;0.674
ELET6;Ibovespa;242977127;0.458
EMBR3;Ibovespa;736143105;0.606
ENBR3;Ibovespa;231489471;0.178
ENGI11;Ibovespa;250679709;0.509
ENEV3;Ibovespa;1248545726;0.924
EGIE3;Ibovespa;254792279;0.435
EQTL3;Ibovespa;1010286085;1.092
EZTC3;Ibovespa;95756217;0.130
FLRY3;Ibovespa;303800430;0.343
GGBR4;Ibovespa;995903643;1.286
GOAU4;Ibovespa;693699918;0.418
GOLL4;Ibovespa;178123292;0.178
NTCO3;Ibovespa;841433075;2.082
HAPV3;Ibovespa;1265256490;0.850
HYPE3;Ibovespa;410147968;0.616
IGTA3;Ibovespa;85796919;0.151
GNDI3;Ibovespa;593438080;2.197
IRBR3;Ibovespa;1255286531;0.316
ITSA4;Ibovespa;4515538171;2.195
ITUB4;Ibovespa;4770095054;6.194
JBSS3;Ibovespa;1388025890;1.761
JHSF3;Ibovespa;288832602;0.092
KLBN11;Ibovespa;922294338;1.059
RENT3;Ibovespa;593841434;1.657
LCAM3;Ibovespa;323763077;0.387
LWSA3;Ibovespa;427663748;0.504
LAME4;Ibovespa;847010651;0.797
LREN3;Ibovespa;887417914;1.711
MGLU3;Ibovespa;2668955512;2.461
MRFG3;Ibovespa;368864634;0.307
BEEF3;Ibovespa;240482896;0.098
MRVE3;Ibovespa;293978672;0.209
MULT3;Ibovespa;245888754;0.252
PCAR3;Ibovespa;156928631;0.264
PETR3;Ibovespa;3620580434;4.781
PETR4;Ibovespa;4566457037;5.859
BRDT3;Ibovespa;1164958126;1.355
PRIO3;Ibovespa;807220415;0.686
QUAL3;Ibovespa;283467789;0.357
RADL3;Ibovespa;1072645150;1.155
RAIL3;Ibovespa;1218081171;1.017
SBSP3;Ibovespa;339999111;0.542
SANB11;Ibovespa;355642348;0.628
CSNA3;Ibovespa;642398790;1.232
SULA11;Ibovespa;284566116;0.432
SUZB3;Ibovespa;724921241;1.890
TAEE11;Ibovespa;218568274;0.352
VIVT3;Ibovespa;444219852;0.807
TIMS3;Ibovespa;808485985;0.406
TOTS3;Ibovespa;480228410;0.788
UGPA3;Ibovespa;1085987426;0.871
USIM5;Ibovespa;513796208;0.428
VALE3;Ibovespa;2456887211;12.130
VVAR3;Ibovespa;1595508601;1.098
WEGE3;Ibovespa;1482296002;2.177
YDUQ3;Ibovespa;300483575;0.430
ABEV3;IBrX 50;4358542894;3.279
AZUL4;IBrX 50;327262616;0.633
BTOW3;IBrX 50;201802882;0.589
B3SA3;IBrX 50;6119434194;4.537
BBSE3;IBrX 50;671584841;0.684
BRML3;IBrX 50;843728684;0.377
BBDC4;IBrX 50;4261649634;4.833
BBAS3;IBrX 50;1283197221;1.817
BRFS3;IBrX 50;811759800;0.978
BPAC11;IBrX 50;1041983176;1.401
CMIG4;IBrX 50;1081211185;0.578
CIEL3;IBrX 50;1112196638;0.178
COGN3;IBrX 50;1847994874;0.353
CSAN3;IBrX 50;1169237744;1.235
CYRE3;IBrX 50;281154098;0.289
ELET3;IBrX 50;358018408;0.681
EMBR3;IBrX 50;736143105;0.612
EQTL3;IBrX 50;1010286085;1.105
GGBR4;IBrX 50;995903643;1.300
GOAU4;IBrX 50;693699918;0.423
GOLL4;IBrX 50;178123292;0.180
NTCO3;IBrX 50;841433075;2.104
HAPV3;IBrX 50;1265256490;0.859
GNDI3;IBrX 50;593438080;2.221
IRBR3;IBrX 50;1255286531;0.320
ITSA4;IBrX 50;4515538171;2.219
ITUB4;IBrX 50;4770095054;6.262
JBSS3;IBrX 50;1388025890;1.780
KLBN11;IBrX 50;922294338;1.071
RENT3;IBrX 50;593841434;1.675
LAME4;IBrX 50;847010651;0.806
LREN3;IBrX 50;887417914;1.730
MGLU3;IBrX 50;2668955512;2.488
MRFG3;IBrX 50;368864634;0.311
MULT3;IBrX 50;245888754;0.255
PETR3;IBrX 50;3684060179;4.918
PETR4;IBrX 50;4566457037;5.923
BRDT3;IBrX 50;1164958126;1.370
PRIO3;IBrX 50;807220415;0.693
RADL3;IBrX 50;1072645150;1.168
RAIL3;IBrX 50;1218081171;1.028
SBSP3;IBrX 50;339999111;0.548
CSNA3;IBrX 50;642398790;1.246
SUZB3;IBrX 50;724921241;1.911
TOTS3;IBrX 50;480228410;0.797
UGPA3;IBrX 50;1085987426;0.880
USIM5;IBrX 50;513796208;0.433
VALE3;IBrX 50;5130801424;25.610
VVAR3;IBrX 50;1595508601;1.110
WEGE3;IBrX 50;1482296002;2.202
RRRP3;IBrA;129507288;0.201
ABCB4;IBrA;70580422;0.038
AERI3;IBrA;218058827;0.074
AESB3;IBrA;149647285;0.071
ALSO3;IBrA;127376805;0.127
AALR3;IBrA;46716473;0.019
ALPA4;IBrA;168770200;0.290
ALUP11;IBrA;178970157;0.162
ABEV3;IBrA;4358542894;2.549
AMBP3;IBrA;43733334;0.068
ANIM3;IBrA;288432555;0.136
ARZZ3;IBrA;45095471;0.146
ASAI3;IBrA;156928631;0.465
AZUL4;IBrA;327262616;0.492
BTOW3;IBrA;201802882;0.458
B3SA3;IBrA;6119434194;3.527
BMGB4;IBrA;99052274;0.016
BIDI4;IBrA;100239024;0.090
BIDI11;IBrA;453631743;1.209
BPAN4;IBrA;341124068;0.281
BRSR6;IBrA;202531540;0.092
BBSE3;IBrA;671584841;0.531
BKBR3;IBrA;272245759;0.111
BRML3;IBrA;843728684;0.294
BRPR3;IBrA;198812616;0.062
BBDC3;IBrA;1253093907;0.938
BBDC4;IBrA;4261649634;3.757
BRAP4;IBrA;222604507;0.567
BBAS3;IBrA;1283197221;1.412
AGRO3;IBrA;51771532;0.053
BRKM5;IBrA;264640575;0.540
BRFS3;IBrA;811759800;0.760
BPAC11;IBrA;1041983176;1.090
CAML3;IBrA;116264997;0.038
CRFB3;IBrA;391758726;0.282
CCRO3;IBrA;1115693556;0.514
CEAB3;IBrA;106394635;0.052
CMIG3;IBrA;266451715;0.133
CMIG4;IBrA;1081211185;0.449
CESP6;IBrA;182017689;0.149
HGTX3;IBrA;126186408;0.148
CIEL3;IBrA;1112196638;0.139
COGN3;IBrA;1847994874;0.274
CSMG3;IBrA;188444559;0.100
CPLE3;IBrA;71640156;0.014
CPLE6;IBrA;570829074;0.116
CSAN3;IBrA;1169237744;0.960
CPFE3;IBrA;187714249;0.173
CURY3;IBrA;104545454;0.037
CVCB3;IBrA;225955651;0.215
CYRE3;IBrA;281154098;0.225
PNVL3;IBrA;68859355;0.050
DIRR3;IBrA;81360368;0.039
DTEX3;IBrA;273813447;0.223
ECOR3;IBrA;172602770;0.070
ELET3;IBrA;358018408;0.529
ELET6;IBrA;242977127;0.360
EMBR3;IBrA;736143105;0.476
ENAT3;IBrA;75939767;0.047
ENBR3;IBrA;231489471;0.140
ENGI11;IBrA;250679709;0.400
ENEV3;IBrA;1258511620;0.732
EGIE3;IBrA;254792279;0.342
ENJU3;IBrA;167521497;0.059
EQTL3;IBrA;1010286085;0.858
EVEN3;IBrA;209535948;0.075
EZTC3;IBrA;95756217;0.103
FESA4;IBrA;40145300;0.061
FLRY3;IBrA;303800430;0.270
GFSA3;IBrA;118208091;0.018
GGBR4;IBrA;995903643;1.010
GOAU4;IBrA;693699918;0.329
GOLL4;IBrA;178123292;0.140
GRND3;IBrA;268371180;0.092
GMAT3;IBrA;463952163;0.126
NTCO3;IBrA;841433075;1.636
SBFG3;IBrA;88709474;0.116
SOMA3;IBrA;183851421;0.100
GUAR3;IBrA;81944760;0.058
HAPV3;IBrA;1265256490;0.668
HBOR3;IBrA;65261522;0.019
HBSA3;IBrA;325623566;0.072
HYPE3;IBrA;410147968;0.484
IGTA3;IBrA;85796919;0.119
PARD3;IBrA;43661030;0.031
MEAL3;IBrA;264441032;0.037
ROMI3;IBrA;37272660;0.031
GNDI3;IBrA;593438080;1.727
MYPK3;IBrA;141465625;0.078
RANI3;IBrA;85725289;0.027
IRBR3;IBrA;1255286531;0.248
ITSA4;IBrA;4515538171;1.725
ITUB3;IBrA;384789136;0.352
ITUB4;IBrA;4770095054;4.867
JBSS3;IBrA;1388025890;1.384
JPSA3;IBrA;34833911;0.040
JHSF3;IBrA;288832602;0.072
KLBN11;IBrA;922294338;0.833
LAVV3;IBrA;93139429;0.026
LIGT3;IBrA;372555324;0.195
RENT3;IBrA;593841434;1.302
LCAM3;IBrA;323763077;0.304
LWSA3;IBrA;427663748;0.396
LOGG3;IBrA;59190591;0.065
LOGN3;IBrA;100109944;0.065
LAME3;IBrA;249502964;0.177
LAME4;IBrA;847010651;0.626
AMAR3;IBrA;111476495;0.035
LREN3;IBrA;887417914;1.345
LPSB3;IBrA;114874308;0.019
MDIA3;IBrA;83669782;0.093
MGLU3;IBrA;2668955512;1.934
POMO4;IBrA;573419889;0.067
MRFG3;IBrA;368864634;0.242
CASH3;IBrA;74543311;0.126
LEVE3;IBrA;38492519;0.044
MILS3;IBrA;115486678;0.034
BEEF3;IBrA;240482896;0.077
MTRE3;IBrA;54039454;0.022
MOVI3;IBrA;132113940;0.089
MRVE3;IBrA;293978672;0.164
MULT3;IBrA;245888754;0.198
NEOE3;IBrA;226098192;0.135
NGRD3;IBrA;108100000;0.021
ODPV3;IBrA;263448316;0.118
OMGE3;IBrA;122249557;0.159
PCAR3;IBrA;156928631;0.208
PETR3;IBrA;3684060179;3.823
PETR4;IBrA;4566457037;4.604
BRDT3;IBrA;1164958126;1.065
PRIO3;IBrA;807220415;0.539
PETZ3;IBrA;261956811;0.231
PSSA3;IBrA;93637072;0.172
PTBL3;IBrA;69996578;0.042
POSI3;IBrA;78616498;0.033
QUAL3;IBrA;283467789;0.281
LJQQ3;IBrA;177734774;0.139
RADL3;IBrA;1072645150;0.908
RAPT4;IBrA;177421406;0.082
RCSL4;IBrA;50414424;0.004
RDOR3;IBrA;903127590;2.136
RAIL3;IBrA;1218081171;0.799
SBSP3;IBrA;339999111;0.426
SAPR4;IBrA;203503821;0.029
SAPR11;IBrA;200991234;0.140
SANB11;IBrA;355642348;0.493
STBP3;IBrA;857995211;0.265
SMTO3;IBrA;143032073;0.177
SEQL3;IBrA;109785229;0.106
SEER3;IBrA;54346207;0.035
CSNA3;IBrA;642398790;0.968
SIMH3;IBrA;85662375;0.163
SQIA3;IBrA;58702058;0.050
SLCE3;IBrA;86086214;0.151
SULA11;IBrA;284566116;0.339
SUZB3;IBrA;724921241;1.485
TAEE11;IBrA;218568274;0.277
TASA4;IBrA;48884169;0.040
TCSA3;IBrA;54501246;0.016
TGMA3;IBrA;32001480;0.027
VIVT3;IBrA;444219852;0.634
TEND3;IBrA;96408761;0.083
TIMS3;IBrA;808485985;0.319
TOTS3;IBrA;480228410;0.619
TRPL4;IBrA;395797044;0.340
TRIS3;IBrA;78643944;0.026
TUPY3;IBrA;66821197;0.054
UGPA3;IBrA;1085987426;0.684
UNIP6;IBrA;44332601;0.150
USIM5;IBrA;513796208;0.336
VALE3;IBrA;4997125690;19.388
VLID3;IBrA;78582401;0.030
VVAR3;IBrA;1595508601;0.863
VIVA3;IBrA;93368726;0.105
VULC3;IBrA;74685291;0.025
WEGE3;IBrA;1482296002;1.711
WIZS3;IBrA;77719799;0.047
YDUQ3;IBrA;300483575;0.338
ALSO3;IBrX 100;127376805;0.138
ALPA4;IBrX 100;168770200;0.315
ABEV3;IBrX 100;4358542894;2.766
ASAI3;IBrX 100;156928631;0.505
AZUL4;IBrX 100;327262616;0.534
BTOW3;IBrX 100;201802882;0.497
B3SA3;IBrX 100;6119434194;3.826
BIDI4;IBrX 100;100239024;0.097
BIDI11;IBrX 100;453631743;1.312
BPAN4;IBrX 100;341124068;0.305
BBSE3;IBrX 100;671584841;0.577
BRML3;IBrX 100;843728684;0.318
BBDC3;IBrX 100;1253093907;1.018
BBDC4;IBrX 100;4261649634;4.076
BRAP4;IBrX 100;222604507;0.615
BBAS3;IBrX 100;1283197221;1.533
BRKM5;IBrX 100;264640575;0.586
BRFS3;IBrX 100;811759800;0.825
BPAC11;IBrX 100;1041983176;1.182
CRFB3;IBrX 100;391758726;0.306
CCRO3;IBrX 100;1115693556;0.558
CMIG4;IBrX 100;1081211185;0.488
CESP6;IBrX 100;182017689;0.162
HGTX3;IBrX 100;126186408;0.160
CIEL3;IBrX 100;1112196638;0.150
COGN3;IBrX 100;1847994874;0.297
CPLE6;IBrX 100;570829074;0.126
CSAN3;IBrX 100;1169237744;1.041
CPFE3;IBrX 100;187714249;0.188
CVCB3;IBrX 100;225955651;0.233
CYRE3;IBrX 100;281154098;0.244
DTEX3;IBrX 100;273813447;0.242
ECOR3;IBrX 100;172602770;0.076
ELET3;IBrX 100;358018408;0.575
ELET6;IBrX 100;242977127;0.391
EMBR3;IBrX 100;736143105;0.516
ENBR3;IBrX 100;231489471;0.152
ENGI11;IBrX 100;250679709;0.434
ENEV3;IBrX 100;1258511620;0.794
EGIE3;IBrX 100;254792279;0.371
EQTL3;IBrX 100;1010286085;0.931
EZTC3;IBrX 100;95756217;0.111
FLRY3;IBrX 100;303800430;0.293
GGBR4;IBrX 100;995903643;1.096
GOAU4;IBrX 100;693699918;0.357
GOLL4;IBrX 100;178123292;0.152
NTCO3;IBrX 100;841433075;1.775
SBFG3;IBrX 100;88709474;0.126
HAPV3;IBrX 100;1265256490;0.725
HYPE3;IBrX 100;410147968;0.526
IGTA3;IBrX 100;85796919;0.129
MEAL3;IBrX 100;264441032;0.040
GNDI3;IBrX 100;593438080;1.874
IRBR3;IBrX 100;1255286531;0.269
ITSA4;IBrX 100;4515538171;1.872
ITUB4;IBrX 100;4770095054;5.282
JBSS3;IBrX 100;1388025890;1.502
JHSF3;IBrX 100;288832602;0.078
KLBN11;IBrX 100;922294338;0.903
LIGT3;IBrX 100;372555324;0.211
RENT3;IBrX 100;593841434;1.413
LCAM3;IBrX 100;323763077;0.330
LWSA3;IBrX 100;427663748;0.430
LAME3;IBrX 100;249502964;0.192
LAME4;IBrX 100;847010651;0.679
AMAR3;IBrX 100;111476495;0.038
LREN3;IBrX 100;887417914;1.459
MGLU3;IBrX 100;2668955512;2.098
MRFG3;IBrX 100;368864634;0.262
BEEF3;IBrX 100;240482896;0.084
MOVI3;IBrX 100;132113940;0.097
MRVE3;IBrX 100;293978672;0.178
MULT3;IBrX 100;245888754;0.215
NEOE3;IBrX 100;226098192;0.146
PCAR3;IBrX 100;156928631;0.226
PETR3;IBrX 100;3684060179;4.148
PETR4;IBrX 100;4566457037;4.996
BRDT3;IBrX 100;1164958126;1.155
PRIO3;IBrX 100;807220415;0.585
PSSA3;IBrX 100;93637072;0.186
QUAL3;IBrX 100;283467789;0.305
RADL3;IBrX 100;1072645150;0.985
RAPT4;IBrX 100;177421406;0.090
RAIL3;IBrX 100;1218081171;0.867
SBSP3;IBrX 100;339999111;0.462
SAPR11;IBrX 100;200991234;0.152
SANB11;IBrX 100;355642348;0.535
CSNA3;IBrX 100;642398790;1.051
SULA11;IBrX 100;284566116;0.368
SUZB3;IBrX 100;724921241;1.612
TAEE11;IBrX 100;218568274;0.300
VIVT3;IBrX 100;444219852;0.688
TIMS3;IBrX 100;808485985;0.347
TOTS3;IBrX 100;480228410;0.672
UGPA3;IBrX 100;1085987426;0.742
USIM5;IBrX 100;513796208;0.365
VALE3;IBrX 100;5130801424;21.601
VVAR3;IBrX 100;1595508601;0.937
WEGE3;IBrX 100;1482296002;1.856
YDUQ3;IBrX 100;300483575;0.367
RRRP3;IGC;259014576;0.243
ABCB4;IGC;105870633;0.034
AERI3;IGC;436117654;0.089
AESB3;IGC;299294570;0.086
ALSO3;IGC;254753610;0.153
AALR3;IGC;93432946;0.023
ALLD3;IGC;57012558;0.044
ALPA3;IGC;11390682;0.010
ALPA4;IGC;168770200;0.175
APER3;IGC;28817186;0.029
AVLL3;IGC;9335900;0.005
ALUP11;IGC;268455235;0.147
AMBP3;IGC;87466668;0.082
ANIM3;IGC;576865110;0.165
ARZZ3;IGC;90190942;0.176
ASAI3;IGC;313857262;0.561
AZUL4;IGC;490893924;0.445
BTOW3;IGC;403605764;0.553
B3SA3;IGC;12238868388;4.255
BMGB4;IGC;99052274;0.010
BIDI4;IGC;150358536;0.081
BIDI11;IGC;680447614;1.094
BPAN4;IGC;341124068;0.170
BRSR3;IGC;3839426;0.001
BRSR6;IGC;202531540;0.056
BBSE3;IGC;1343169682;0.641
BMOB3;IGC;176180636;0.085
BKBR3;IGC;544491518;0.134
BLAU3;IGC;350598156;0.361
SOJA3;IGC;80808080;0.026
BOAS3;IGC;1045785604;0.238
BBRK3;IGC;155468896;0.009
BRML3;IGC;1687457368;0.354
BRBI11;IGC;34125000;0.015
BRPR3;IGC;397625232;0.075
BBDC3;IGC;1253093907;0.566
BBDC4;IGC;4261649634;2.266
BRAP3;IGC;26906369;0.036
BRAP4;IGC;222604507;0.342
BBAS3;IGC;2566394442;1.704
AGRO3;IGC;103543064;0.064
BRKM3;IGC;12907077;0.016
BRKM5;IGC;264640575;0.326
BRFS3;IGC;1623519600;0.917
BPAC11;IGC;1562974764;0.986
CXSE3;IGC;900000000;0.243
CAML3;IGC;232529994;0.046
CRFB3;IGC;783517452;0.340
CCRO3;IGC;2231387112;0.620
CEAB3;IGC;212789270;0.063
CEDO3;IGC;2019831;0.000
CEDO4;IGC;3456367;0.001
CLSC4;IGC;34215223;0.048
CMIG3;IGC;266451715;0.080
CMIG4;IGC;1081211185;0.271
CESP3;IGC;7076043;0.004
CESP5;IGC;7386322;0.006
CESP6;IGC;182017689;0.090
HGTX3;IGC;252372816;0.178
CIEL3;IGC;2224393276;0.167
COGN3;IGC;3695989748;0.331
CSMG3;IGC;376889118;0.121
CPLE3;IGC;71640156;0.008
CPLE6;IGC;570829074;0.070
CSAN3;IGC;2338475488;1.158
CPFE3;IGC;375428498;0.209
CSED3;IGC;155510400;0.049
CMIN3;IGC;1800165217;0.341
CARD3;IGC;36435542;0.017
CURY3;IGC;209090908;0.044
CVCB3;IGC;451911302;0.259
CCPR3;IGC;118773972;0.029
CYRE3;IGC;562308196;0.272
DMVF3;IGC;47072410;0.009
DASA3;IGC;102570802;0.131
PNVL3;IGC;103289032;0.046
PNVL4;IGC;20228535;0.009
DIRR3;IGC;162720736;0.047
DOTZ3;IGC;67449304;0.019
DTEX3;IGC;547626894;0.269
ECOR3;IGC;345205540;0.085
ELET3;IGC;358018408;0.319
ELET6;IGC;242977127;0.218
ELMD3;IGC;101818400;0.038
EMBR3;IGC;1472286210;0.574
ENAT3;IGC;151879534;0.057
ENBR3;IGC;462978942;0.169
ENGI11;IGC;376019563;0.362
ENEV3;IGC;2517023240;0.883
EGIE3;IGC;509584558;0.412
ENJU3;IGC;335042994;0.071
EQTL3;IGC;2020572170;1.036
ESPA3;IGC;323104714;0.127
ALPK3;IGC;207421534;0.035
EUCA3;IGC;12765018;0.006
EUCA4;IGC;56114621;0.011
EVEN3;IGC;419071896;0.091
EZTC3;IGC;191512434;0.123
FESA4;IGC;40145300;0.037
FLRY3;IGC;607600860;0.326
POWE3;IGC;85728162;0.029
FRAS3;IGC;102669124;0.027
GFSA3;IGC;236416182;0.022
GSHP3;IGC;3750502;0.003
GGBR3;IGC;14031044;0.007
GGBR4;IGC;995903643;0.610
GOAU3;IGC;90953948;0.024
GOAU4;IGC;693699918;0.198
NINJ3;IGC;85795778;0.047
GOLL4;IGC;267184398;0.127
GGPS3;IGC;1334981580;0.475
GRND3;IGC;536742360;0.111
GMAT3;IGC;927904326;0.152
NTCO3;IGC;1682866150;1.974
SBFG3;IGC;177418948;0.140
SOMA3;IGC;367702842;0.121
HAPV3;IGC;2530512980;0.806
HBRE3;IGC;49080000;0.018
HBOR3;IGC;130523044;0.023
HBSA3;IGC;651247132;0.087
HYPE3;IGC;820295936;0.584
IGTA3;IGC;171593838;0.143
PARD3;IGC;87322060;0.038
MEAL3;IGC;528882064;0.044
ROMI3;IGC;74545320;0.037
IFCM3;IGC;462417690;0.228
INTB3;IGC;165600000;0.098
GNDI3;IGC;1186876160;2.083
MYPK3;IGC;282931250;0.094
RANI3;IGC;171450578;0.033
IRBR3;IGC;2510573062;0.299
ITSA3;IGC;1061351420;0.250
ITSA4;IGC;4515538171;1.041
ITUB3;IGC;384789136;0.213
ITUB4;IGC;4770095054;2.937
JALL3;IGC;195426896;0.041
JBSS3;IGC;2776051780;1.670
JHSF3;IGC;577665204;0.087
JSLG3;IGC;126798078;0.031
KLBN11;IGC;1383441507;0.753
LAVV3;IGC;186278858;0.032
LIGT3;IGC;745110648;0.235
RENT3;IGC;1187682868;1.571
LCAM3;IGC;647526154;0.367
LWSA3;IGC;855327496;0.478
LOGG3;IGC;118381182;0.078
LOGN3;IGC;200219888;0.078
LAME3;IGC;249502964;0.107
LAME4;IGC;847010651;0.378
AMAR3;IGC;222952990;0.043
LREN3;IGC;1774835828;1.622
LPSB3;IGC;229748616;0.022
MDIA3;IGC;167339564;0.113
MGLU3;IGC;5337911024;2.333
POMO3;IGC;251510290;0.017
POMO4;IGC;860129833;0.060
MRFG3;IGC;737729268;0.292
MATD3;IGC;709446386;0.246
CASH3;IGC;149086622;0.152
MELK3;IGC;152429400;0.019
BMEB3;IGC;10948799;0.005
BMEB4;IGC;14333243;0.006
LEVE3;IGC;76985038;0.053
MILS3;IGC;230973356;0.042
BEEF3;IGC;480965792;0.093
MTRE3;IGC;108078908;0.027
MBLY3;IGC;88888890;0.033
MODL3;IGC;55809000;0.009
MODL4;IGC;111591000;0.013
MODL11;IGC;76575000;0.029
MOSI3;IGC;111188920;0.042
MDNE3;IGC;114399190;0.024
MOVI3;IGC;264227880;0.108
MRVE3;IGC;587957344;0.198
MULT3;IGC;368833131;0.179
NEOE3;IGC;452196384;0.162
NGRD3;IGC;216200000;0.026
OPCT3;IGC;399919108;0.074
ODPV3;IGC;526896632;0.142
OMGE3;IGC;244499114;0.192
ORVR3;IGC;67836198;0.041
OFSA3;IGC;47165666;0.033
PCAR3;IGC;313857262;0.251
PDTC3;IGC;69787612;0.010
PGMN3;IGC;318636000;0.074
PMAM3;IGC;86807698;0.027
PETR3;IGC;5526090268;3.460
PETR4;IGC;6849685555;4.166
BRDT3;IGC;2329916252;1.285
RECV3;IGC;447335116;0.183
PRIO3;IGC;1614440830;0.650
PETZ3;IGC;523913622;0.279
PINE4;IGC;80381151;0.005
PLPL3;IGC;146809000;0.019
PSSA3;IGC;187274144;0.207
PTBL3;IGC;139993156;0.051
POSI3;IGC;157232996;0.040
PRNR3;IGC;76355100;0.016
PFRM3;IGC;174999556;0.024
QUAL3;IGC;566935578;0.339
LJQQ3;IGC;355469548;0.168
RADL3;IGC;2145290300;1.096
RAPT3;IGC;21308966;0.006
RAPT4;IGC;177421406;0.050
RDOR3;IGC;1806255180;2.577
RDNI3;IGC;30099670;0.007
RSID3;IGC;27353212;0.006
RAIL3;IGC;2436162342;0.964
SBSP3;IGC;679998222;0.514
SAPR4;IGC;305255731;0.026
SAPR11;IGC;301486851;0.127
STBP3;IGC;1715990422;0.320
SCAR3;IGC;45554704;0.040
SMTO3;IGC;286064146;0.214
SEQL3;IGC;219570458;0.128
SEER3;IGC;108692414;0.042
SIMH3;IGC;171324750;0.197
SQIA3;IGC;117404116;0.060
SLCE3;IGC;172172428;0.183
SGPS3;IGC;46817282;0.011
SULA11;IGC;426849174;0.307
SUZB3;IGC;1449842482;1.792
TAEE11;IGC;327852411;0.250
TASA3;IGC;11693211;0.006
TASA4;IGC;73326253;0.036
TECN3;IGC;129806144;0.008
TCSA3;IGC;109002492;0.019
TGMA3;IGC;64002960;0.032
TEND3;IGC;192817522;0.100
TESA3;IGC;14369458;0.015
TIMS3;IGC;1616971970;0.385
SHOW3;IGC;70227480;0.009
TOTS3;IGC;960456820;0.747
TFCO4;IGC;86304331;0.028
TRPL3;IGC;27080900;0.018
TRPL4;IGC;395797044;0.205
TRIS3;IGC;157287888;0.032
TPIS3;IGC;148123046;0.011
TUPY3;IGC;133642394;0.065
UGPA3;IGC;2171974852;0.826
UCAS3;IGC;58681276;0.006
USIM3;IGC;161021803;0.066
USIM5;IGC;513796208;0.203
VALE3;IGC;8207010444;19.210
VLID3;IGC;157164802;0.036
VAMO3;IGC;91240874;0.107
VVAR3;IGC;3191017202;1.041
VIVA3;IGC;186737452;0.127
VULC3;IGC;149370582;0.030
WEGE3;IGC;2964592004;2.064
WEST3;IGC;158877896;0.030
WIZS3;IGC;155439598;0.057
YDUQ3;IGC;600967150;0.408
RRRP3;IGC-NM;129507288;0.348
AERI3;IGC-NM;218058827;0.128
AESB3;IGC-NM;149647285;0.124
ALSO3;IGC-NM;127376805;0.219
AALR3;IGC-NM;46716473;0.033
ALLD3;IGC-NM;28506279;0.063
APER3;IGC-NM;14408593;0.042
AVLL3;IGC-NM;4667950;0.007
AMBP3;IGC-NM;43733334;0.118
ANIM3;IGC-NM;288432555;0.236
ARZZ3;IGC-NM;45095471;0.253
ASAI3;IGC-NM;156928631;0.806
BTOW3;IGC-NM;201802882;0.793
B3SA3;IGC-NM;6119434194;6.108
BBSE3;IGC-NM;671584841;0.920
BMOB3;IGC-NM;88090318;0.123
BKBR3;IGC-NM;272245759;0.193
BLAU3;IGC-NM;175299078;0.518
SOJA3;IGC-NM;40404040;0.037
BOAS3;IGC-NM;522892802;0.341
BBRK3;IGC-NM;77734448;0.012
BRML3;IGC-NM;843728684;0.508
BRPR3;IGC-NM;198812616;0.108
BBAS3;IGC-NM;1283197221;2.446
AGRO3;IGC-NM;51771532;0.092
BRFS3;IGC-NM;811759800;1.316
CXSE3;IGC-NM;450000000;0.349
CAML3;IGC-NM;116264997;0.066
CRFB3;IGC-NM;391758726;0.488
CCRO3;IGC-NM;1115693556;0.890
CEAB3;IGC-NM;106394635;0.091
HGTX3;IGC-NM;126186408;0.256
CIEL3;IGC-NM;1112196638;0.240
COGN3;IGC-NM;1847994874;0.475
CSMG3;IGC-NM;188444559;0.173
CSAN3;IGC-NM;1169237744;1.662
CPFE3;IGC-NM;187714249;0.300
CSED3;IGC-NM;77755200;0.071
CARD3;IGC-NM;18217771;0.025
CURY3;IGC-NM;104545454;0.064
CVCB3;IGC-NM;225955651;0.371
CCPR3;IGC-NM;59386986;0.042
CYRE3;IGC-NM;281154098;0.389
DMVF3;IGC-NM;23536205;0.013
DASA3;IGC-NM;51285401;0.188
DIRR3;IGC-NM;81360368;0.068
DOTZ3;IGC-NM;33724652;0.028
DTEX3;IGC-NM;273813447;0.387
ECOR3;IGC-NM;172602770;0.121
ELMD3;IGC-NM;50909200;0.054
EMBR3;IGC-NM;736143105;0.824
ENAT3;IGC-NM;75939767;0.081
ENBR3;IGC-NM;231489471;0.243
ENEV3;IGC-NM;1258511620;1.268
EGIE3;IGC-NM;254792279;0.592
ENJU3;IGC-NM;167521497;0.102
EQTL3;IGC-NM;1010286085;1.487
ESPA3;IGC-NM;161552357;0.182
ALPK3;IGC-NM;103710767;0.050
EVEN3;IGC-NM;209535948;0.130
EZTC3;IGC-NM;95756217;0.177
FLRY3;IGC-NM;303800430;0.467
POWE3;IGC-NM;42864081;0.042
GFSA3;IGC-NM;118208091;0.031
GSHP3;IGC-NM;1875251;0.004
NINJ3;IGC-NM;42897889;0.068
GGPS3;IGC-NM;667490790;0.682
GRND3;IGC-NM;268371180;0.160
GMAT3;IGC-NM;463952163;0.218
NTCO3;IGC-NM;841433075;2.833
SBFG3;IGC-NM;88709474;0.201
SOMA3;IGC-NM;183851421;0.174
HAPV3;IGC-NM;1265256490;1.157
HBRE3;IGC-NM;24540000;0.026
HBOR3;IGC-NM;65261522;0.033
HBSA3;IGC-NM;325623566;0.124
HYPE3;IGC-NM;410147968;0.839
IGTA3;IGC-NM;85796919;0.206
PARD3;IGC-NM;43661030;0.054
MEAL3;IGC-NM;264441032;0.064
ROMI3;IGC-NM;37272660;0.054
IFCM3;IGC-NM;231208845;0.326
INTB3;IGC-NM;82800000;0.141
GNDI3;IGC-NM;593438080;2.990
MYPK3;IGC-NM;141465625;0.135
RANI3;IGC-NM;85725289;0.047
IRBR3;IGC-NM;1255286531;0.430
JALL3;IGC-NM;97713448;0.059
JBSS3;IGC-NM;1388025890;2.397
JHSF3;IGC-NM;288832602;0.124
JSLG3;IGC-NM;63399039;0.045
LAVV3;IGC-NM;93139429;0.046
LIGT3;IGC-NM;372555324;0.337
RENT3;IGC-NM;593841434;2.255
LCAM3;IGC-NM;323763077;0.527
LWSA3;IGC-NM;427663748;0.687
LOGG3;IGC-NM;59190591;0.112
LOGN3;IGC-NM;100109944;0.112
AMAR3;IGC-NM;111476495;0.061
LREN3;IGC-NM;887417914;2.329
LPSB3;IGC-NM;114874308;0.032
MDIA3;IGC-NM;83669782;0.162
MGLU3;IGC-NM;2668955512;3.349
MRFG3;IGC-NM;368864634;0.419
MATD3;IGC-NM;354723193;0.353
CASH3;IGC-NM;74543311;0.218
MELK3;IGC-NM;76214700;0.028
LEVE3;IGC-NM;38492519;0.076
MILS3;IGC-NM;115486678;0.060
BEEF3;IGC-NM;240482896;0.134
MTRE3;IGC-NM;54039454;0.038
MBLY3;IGC-NM;44444445;0.047
MOSI3;IGC-NM;55594460;0.061
MDNE3;IGC-NM;57199595;0.034
MOVI3;IGC-NM;132113940;0.154
MRVE3;IGC-NM;293978672;0.285
NEOE3;IGC-NM;226098192;0.233
NGRD3;IGC-NM;108100000;0.037
OPCT3;IGC-NM;199959554;0.106
ODPV3;IGC-NM;263448316;0.204
OMGE3;IGC-NM;122249557;0.276
ORVR3;IGC-NM;33918099;0.059
OFSA3;IGC-NM;23582833;0.048
PCAR3;IGC-NM;156928631;0.360
PDTC3;IGC-NM;34893806;0.014
PGMN3;IGC-NM;159318000;0.106
PMAM3;IGC-NM;43403849;0.038
BRDT3;IGC-NM;1164958126;1.844
RECV3;IGC-NM;223667558;0.262
PRIO3;IGC-NM;807220415;0.933
PETZ3;IGC-NM;261956811;0.401
PLPL3;IGC-NM;73404500;0.027
PSSA3;IGC-NM;93637072;0.297
PTBL3;IGC-NM;69996578;0.073
POSI3;IGC-NM;78616498;0.058
PRNR3;IGC-NM;38177550;0.024
PFRM3;IGC-NM;87499778;0.035
QUAL3;IGC-NM;283467789;0.486
LJQQ3;IGC-NM;177734774;0.241
RADL3;IGC-NM;1072645150;1.573
RDOR3;IGC-NM;903127590;3.699
RDNI3;IGC-NM;15049835;0.011
RSID3;IGC-NM;13676606;0.009
RAIL3;IGC-NM;1218081171;1.384
SBSP3;IGC-NM;339999111;0.738
STBP3;IGC-NM;857995211;0.460
SCAR3;IGC-NM;22777352;0.058
SMTO3;IGC-NM;143032073;0.306
SEQL3;IGC-NM;109785229;0.183
SEER3;IGC-NM;54346207;0.060
SIMH3;IGC-NM;85662375;0.283
SQIA3;IGC-NM;58702058;0.086
SLCE3;IGC-NM;86086214;0.262
SGPS3;IGC-NM;23408641;0.016
SUZB3;IGC-NM;724921241;2.573
TECN3;IGC-NM;64903072;0.012
TCSA3;IGC-NM;54501246;0.027
TGMA3;IGC-NM;32001480;0.046
TEND3;IGC-NM;96408761;0.143
TESA3;IGC-NM;7184729;0.021
TIMS3;IGC-NM;808485985;0.553
SHOW3;IGC-NM;35113740;0.013
TOTS3;IGC-NM;480228410;1.073
TRIS3;IGC-NM;78643944;0.046
TPIS3;IGC-NM;74061523;0.015
TUPY3;IGC-NM;66821197;0.094
UGPA3;IGC-NM;1085987426;1.185
UCAS3;IGC-NM;29340638;0.009
VALE3;IGC-NM;2889469796;19.416
VLID3;IGC-NM;78582401;0.051
VAMO3;IGC-NM;45620437;0.153
VVAR3;IGC-NM;1595508601;1.495
VIVA3;IGC-NM;93368726;0.182
VULC3;IGC-NM;74685291;0.043
WEGE3;IGC-NM;1482296002;2.963
WEST3;IGC-NM;79438948;0.044
WIZS3;IGC-NM;77719799;0.081
YDUQ3;IGC-NM;300483575;0.586
RRRP3;IGCT;129507288;0.214
ABCB4;IGCT;70580422;0.040
AERI3;IGCT;218058827;0.079
AESB3;IGCT;149647285;0.076
ALSO3;IGCT;127376805;0.135
AALR3;IGCT;46716473;0.020
ALPA4;IGCT;168770200;0.309
ALUP11;IGCT;178970157;0.172
AMBP3;IGCT;43733334;0.073
ANIM3;IGCT;288432555;0.145
ARZZ3;IGCT;45095471;0.156
ASAI3;IGCT;156928631;0.495
AZUL4;IGCT;327262616;0.524
BTOW3;IGCT;201802882;0.488
B3SA3;IGCT;6119434194;3.755
BMGB4;IGCT;99052274;0.018
BIDI4;IGCT;100239024;0.096
BIDI11;IGCT;453631743;1.287
BPAN4;IGCT;341124068;0.299
BRSR6;IGCT;202531540;0.098
BBSE3;IGCT;671584841;0.566
BKBR3;IGCT;272245759;0.118
BRML3;IGCT;843728684;0.313
BRPR3;IGCT;198812616;0.067
BBDC3;IGCT;1253093907;0.999
BBDC4;IGCT;4261649634;4.001
BRAP4;IGCT;222604507;0.604
BBAS3;IGCT;1283197221;1.504
AGRO3;IGCT;51771532;0.056
BRKM5;IGCT;264640575;0.575
BRFS3;IGCT;811759800;0.809
BPAC11;IGCT;1041983176;1.160
CAML3;IGCT;116264997;0.040
CRFB3;IGCT;391758726;0.301
CCRO3;IGCT;1115693556;0.547
CEAB3;IGCT;106394635;0.056
CMIG3;IGCT;266451715;0.142
CMIG4;IGCT;1081211185;0.478
CESP6;IGCT;182017689;0.159
HGTX3;IGCT;126186408;0.157
CIEL3;IGCT;1112196638;0.148
COGN3;IGCT;1847994874;0.292
CSMG3;IGCT;188444559;0.107
CPLE3;IGCT;71640156;0.015
CPLE6;IGCT;570829074;0.123
CSAN3;IGCT;1169237744;1.022
CPFE3;IGCT;187714249;0.184
CURY3;IGCT;104545454;0.039
CVCB3;IGCT;225955651;0.229
CYRE3;IGCT;281154098;0.239
PNVL3;IGCT;68859355;0.054
DIRR3;IGCT;81360368;0.042
DTEX3;IGCT;273813447;0.238
ECOR3;IGCT;172602770;0.075
ELET3;IGCT;358018408;0.563
ELET6;IGCT;242977127;0.384
EMBR3;IGCT;736143105;0.507
ENAT3;IGCT;75939767;0.050
ENBR3;IGCT;231489471;0.149
ENGI11;IGCT;250679709;0.426
ENEV3;IGCT;1258511620;0.780
EGIE3;IGCT;254792279;0.364
ENJU3;IGCT;167521497;0.063
EQTL3;IGCT;1010286085;0.914
EVEN3;IGCT;209535948;0.080
EZTC3;IGCT;95756217;0.108
FESA4;IGCT;40145300;0.065
FLRY3;IGCT;303800430;0.287
GFSA3;IGCT;118208091;0.019
GGBR4;IGCT;995903643;1.076
GOAU4;IGCT;693699918;0.350
GOLL4;IGCT;178123292;0.149
GRND3;IGCT;268371180;0.098
GMAT3;IGCT;463952163;0.134
NTCO3;IGCT;841433075;1.742
SBFG3;IGCT;88709474;0.124
SOMA3;IGCT;183851421;0.107
HAPV3;IGCT;1265256490;0.711
HBOR3;IGCT;65261522;0.020
HBSA3;IGCT;325623566;0.077
HYPE3;IGCT;410147968;0.516
IGTA3;IGCT;85796919;0.127
PARD3;IGCT;43661030;0.033
MEAL3;IGCT;264441032;0.039
ROMI3;IGCT;37272660;0.033
GNDI3;IGCT;593438080;1.839
MYPK3;IGCT;141465625;0.083
RANI3;IGCT;85725289;0.029
IRBR3;IGCT;1255286531;0.264
ITSA4;IGCT;4515538171;1.837
ITUB3;IGCT;384789136;0.375
ITUB4;IGCT;4770095054;5.184
JBSS3;IGCT;1388025890;1.474
JHSF3;IGCT;288832602;0.076
KLBN11;IGCT;922294338;0.886
LAVV3;IGCT;93139429;0.028
LIGT3;IGCT;372555324;0.207
RENT3;IGCT;593841434;1.387
LCAM3;IGCT;323763077;0.324
LWSA3;IGCT;427663748;0.422
LOGG3;IGCT;59190591;0.069
LOGN3;IGCT;100109944;0.069
LAME3;IGCT;249502964;0.188
LAME4;IGCT;847010651;0.667
AMAR3;IGCT;111476495;0.038
LREN3;IGCT;887417914;1.432
LPSB3;IGCT;114874308;0.020
MDIA3;IGCT;83669782;0.100
MGLU3;IGCT;2668955512;2.059
POMO4;IGCT;573419889;0.071
MRFG3;IGCT;368864634;0.258
CASH3;IGCT;74543311;0.134
LEVE3;IGCT;38492519;0.046
MILS3;IGCT;115486678;0.037
BEEF3;IGCT;240482896;0.082
MTRE3;IGCT;54039454;0.024
MOVI3;IGCT;132113940;0.095
MRVE3;IGCT;293978672;0.175
MULT3;IGCT;245888754;0.211
NEOE3;IGCT;226098192;0.143
NGRD3;IGCT;108100000;0.023
ODPV3;IGCT;263448316;0.125
OMGE3;IGCT;122249557;0.169
PCAR3;IGCT;156928631;0.221
PETR3;IGCT;3684060179;4.071
PETR4;IGCT;4566457037;4.903
BRDT3;IGCT;1164958126;1.134
PRIO3;IGCT;807220415;0.574
PETZ3;IGCT;261956811;0.246
PSSA3;IGCT;93637072;0.183
PTBL3;IGCT;69996578;0.045
POSI3;IGCT;78616498;0.035
QUAL3;IGCT;283467789;0.299
LJQQ3;IGCT;177734774;0.149
RADL3;IGCT;1072645150;0.967
RAPT4;IGCT;177421406;0.088
RDOR3;IGCT;903127590;2.275
RAIL3;IGCT;1218081171;0.851
SBSP3;IGCT;339999111;0.454
SAPR4;IGCT;203503821;0.030
SAPR11;IGCT;200991234;0.149
STBP3;IGCT;857995211;0.283
SMTO3;IGCT;143032073;0.188
SEQL3;IGCT;109785229;0.113
SEER3;IGCT;54346207;0.037
SIMH3;IGCT;85662375;0.174
SQIA3;IGCT;58702058;0.053
SLCE3;IGCT;86086214;0.161
SULA11;IGCT;284566116;0.361
SUZB3;IGCT;724921241;1.582
TAEE11;IGCT;218568274;0.294
TASA4;IGCT;48884169;0.042
TCSA3;IGCT;54501246;0.017
TGMA3;IGCT;32001480;0.028
TEND3;IGCT;96408761;0.088
TIMS3;IGCT;808485985;0.340
TOTS3;IGCT;480228410;0.660
TRPL4;IGCT;395797044;0.362
TRIS3;IGCT;78643944;0.028
TUPY3;IGCT;66821197;0.058
UGPA3;IGCT;1085987426;0.729
USIM5;IGCT;513796208;0.358
VALE3;IGCT;4687084947;19.366
VLID3;IGCT;78582401;0.032
VVAR3;IGCT;1595508601;0.919
VIVA3;IGCT;93368726;0.112
VULC3;IGCT;74685291;0.027
WEGE3;IGCT;1482296002;1.822
WIZS3;IGCT;77719799;0.050
YDUQ3;IGCT;300483575;0.359
RRRP3;ITAG;129507288;0.211
ABCB4;ITAG;70580422;0.040
AERI3;ITAG;218058827;0.078
AESB3;ITAG;149647285;0.075
ALSO3;ITAG;127376805;0.133
AALR3;ITAG;46716473;0.020
ALLD3;ITAG;28506279;0.038
APER3;ITAG;14408593;0.025
AVLL3;ITAG;4667950;0.004
ALUP11;ITAG;178970157;0.170
AMBP3;ITAG;43733334;0.072
ANIM3;ITAG;288432555;0.143
ARZZ3;ITAG;45095471;0.153
ASAI3;ITAG;156928631;0.488
AZUL4;ITAG;327262616;0.516
BTOW3;ITAG;201802882;0.481
B3SA3;ITAG;6119434194;3.700
BAHI3;ITAG;1379591;0.004
BMGB4;ITAG;99052274;0.017
BIDI4;ITAG;100239024;0.094
BIDI11;ITAG;453631743;1.268
BPAN4;ITAG;341124068;0.295
BGIP4;ITAG;1063111;0.001
BRSR3;ITAG;3839426;0.002
BRSR6;ITAG;202531540;0.097
BBSE3;ITAG;671584841;0.558
BMOB3;ITAG;88090318;0.074
BIOM3;ITAG;19799632;0.011
BKBR3;ITAG;272245759;0.117
BLAU3;ITAG;175299078;0.314
SOJA3;ITAG;40404040;0.022
BOAS3;ITAG;522892802;0.207
BBRK3;ITAG;77734448;0.008
BRML3;ITAG;843728684;0.307
BRPR3;ITAG;198812616;0.066
BBDC3;ITAG;1253093907;0.985
BBDC4;ITAG;4261649634;3.941
BRAP3;ITAG;26906369;0.062
BRAP4;ITAG;222604507;0.595
BBAS3;ITAG;1283197221;1.482
AGRO3;ITAG;51771532;0.056
BRKM3;ITAG;12907077;0.027
BRKM5;ITAG;264640575;0.566
BRFS3;ITAG;811759800;0.797
BPAC11;ITAG;1041983176;1.143
CXSE3;ITAG;450000000;0.211
CAML3;ITAG;116264997;0.040
CRFB3;ITAG;391758726;0.296
CCRO3;ITAG;1115693556;0.539
CEAB3;ITAG;106394635;0.055
CEDO4;ITAG;3456367;0.001
CLSC4;ITAG;22810149;0.056
CESP6;ITAG;182017689;0.157
HGTX3;ITAG;126186408;0.155
CIEL3;ITAG;1112196638;0.146
COGN3;ITAG;1847994874;0.288
CSMG3;ITAG;188444559;0.105
CSAN3;ITAG;1169237744;1.007
CTNM4;ITAG;14560262;0.003
CPFE3;ITAG;187714249;0.182
CRDE3;ITAG;2380679;0.002
CSED3;ITAG;77755200;0.043
CMIN3;ITAG;1200110145;0.395
CARD3;ITAG;18217771;0.015
CURY3;ITAG;104545454;0.038
CVCB3;ITAG;225955651;0.225
CCPR3;ITAG;59386986;0.025
CYRE3;ITAG;281154098;0.236
DMVF3;ITAG;23536205;0.008
DASA3;ITAG;51285401;0.114
PNVL3;ITAG;68859355;0.053
PNVL4;ITAG;13485690;0.010
DIRR3;ITAG;81360368;0.041
DOTZ3;ITAG;33724652;0.017
DTEX3;ITAG;273813447;0.234
ECOR3;ITAG;172602770;0.074
ELMD3;ITAG;50909200;0.033
EMBR3;ITAG;736143105;0.499
ENAT3;ITAG;75939767;0.049
ENBR3;ITAG;231489471;0.147
ENGI11;ITAG;250679709;0.420
ENEV3;ITAG;1258511620;0.768
EGIE3;ITAG;254792279;0.359
ENJU3;ITAG;167521497;0.062
EQTL3;ITAG;1010286085;0.901
ESPA3;ITAG;161552357;0.110
ALPK3;ITAG;103710767;0.031
EVEN3;ITAG;209535948;0.079
EZTC3;ITAG;95756217;0.107
FLRY3;ITAG;303800430;0.283
POWE3;ITAG;42864081;0.025
GFSA3;ITAG;118208091;0.019
GSHP3;ITAG;1875251;0.003
GEPA4;ITAG;3300250;0.004
GGBR3;ITAG;14031044;0.013
GGBR4;ITAG;995903643;1.060
GOAU3;ITAG;90953948;0.042
GOAU4;ITAG;693699918;0.345
NINJ3;ITAG;42897889;0.041
GOLL4;ITAG;178123292;0.147
GGPS3;ITAG;667490790;0.413
CGRA3;ITAG;2634233;0.003
CGRA4;ITAG;9064749;0.011
GRND3;ITAG;268371180;0.097
GMAT3;ITAG;463952163;0.132
NTCO3;ITAG;841433075;1.716
SBFG3;ITAG;88709474;0.122
SOMA3;ITAG;183851421;0.105
HAPV3;ITAG;1265256490;0.701
HBRE3;ITAG;24540000;0.016
HBOR3;ITAG;65261522;0.020
HBSA3;ITAG;325623566;0.075
HYPE3;ITAG;410147968;0.508
IGTA3;ITAG;85796919;0.125
PARD3;ITAG;43661030;0.033
MEAL3;ITAG;264441032;0.039
ROMI3;ITAG;37272660;0.032
IFCM3;ITAG;231208845;0.198
INTB3;ITAG;82800000;0.085
GNDI3;ITAG;593438080;1.812
MYPK3;ITAG;141465625;0.082
RANI3;ITAG;85725289;0.028
IRBR3;ITAG;1255286531;0.260
ITSA4;ITAG;4515538171;1.810
ITUB4;ITAG;4770095054;5.107
JALL3;ITAG;97713448;0.036
JBSS3;ITAG;1388025890;1.452
JHSF3;ITAG;288832602;0.075
JSLG3;ITAG;63399039;0.027
KEPL3;ITAG;26291930;0.053
KLBN11;ITAG;922294338;0.873
LAVV3;ITAG;93139429;0.028
LIGT3;ITAG;372555324;0.205
RENT3;ITAG;593841434;1.366
LCAM3;ITAG;323763077;0.319
LWSA3;ITAG;427663748;0.416
LOGG3;ITAG;59190591;0.068
LOGN3;ITAG;100109944;0.068
LAME3;ITAG;249502964;0.185
LAME4;ITAG;847010651;0.657
AMAR3;ITAG;111476495;0.037
LREN3;ITAG;887417914;1.411
LPSB3;ITAG;114874308;0.020
MDIA3;ITAG;83669782;0.098
MGLU3;ITAG;2668955512;2.029
POMO3;ITAG;167673527;0.019
POMO4;ITAG;573419889;0.070
MRFG3;ITAG;368864634;0.254
MATD3;ITAG;354723193;0.214
CASH3;ITAG;74543311;0.132
MELK3;ITAG;76214700;0.017
MTIG4;ITAG;41850;0.000
LEVE3;ITAG;38492519;0.046
MILS3;ITAG;115486678;0.036
BEEF3;ITAG;240482896;0.081
MTRE3;ITAG;54039454;0.023
MBLY3;ITAG;44444445;0.029
MODL3;ITAG;37206000;0.010
MODL4;ITAG;74394000;0.015
MODL11;ITAG;51050000;0.034
MOSI3;ITAG;55594460;0.037
MDNE3;ITAG;57199595;0.020
MOVI3;ITAG;132113940;0.094
MRVE3;ITAG;293978672;0.173
MULT3;ITAG;245888754;0.207
NEOE3;ITAG;226098192;0.141
NGRD3;ITAG;108100000;0.022
OPCT3;ITAG;199959554;0.064
ODPV3;ITAG;263448316;0.124
OMGE3;ITAG;122249557;0.167
ORVR3;ITAG;33918099;0.036
OSXB3;ITAG;1062294;0.000
OFSA3;ITAG;23582833;0.029
PCAR3;ITAG;156928631;0.218
PDTC3;ITAG;34893806;0.008
PGMN3;ITAG;159318000;0.064
PMAM3;ITAG;43403849;0.024
PETR3;ITAG;3684060179;4.011
PETR4;ITAG;4566457037;4.831
BRDT3;ITAG;1164958126;1.117
RECV3;ITAG;223667558;0.159
PRIO3;ITAG;807220415;0.566
PTNT4;ITAG;31585060;0.007
PETZ3;ITAG;261956811;0.242
PINE4;ITAG;53587434;0.006
PLPL3;ITAG;73404500;0.016
PSSA3;ITAG;93637072;0.180
PTBL3;ITAG;69996578;0.044
POSI3;ITAG;78616498;0.035
PRNR3;ITAG;38177550;0.014
PFRM3;ITAG;87499778;0.021
QUAL3;ITAG;283467789;0.295
LJQQ3;ITAG;177734774;0.146
RADL3;ITAG;1072645150;0.953
RAPT4;ITAG;177421406;0.087
RDOR3;ITAG;903127590;2.241
RDNI3;ITAG;15049835;0.006
RSID3;ITAG;13676606;0.005
RAIL3;ITAG;1218081171;0.838
SBSP3;ITAG;339999111;0.447
SAPR4;ITAG;203503821;0.030
SAPR11;ITAG;200991234;0.147
SANB11;ITAG;355642348;0.518
STBP3;ITAG;857995211;0.279
SCAR3;ITAG;22777352;0.035
SMTO3;ITAG;143032073;0.186
SEQL3;ITAG;109785229;0.111
SEER3;ITAG;54346207;0.037
SIMH3;ITAG;85662375;0.171
SQIA3;ITAG;58702058;0.052
SLCE3;ITAG;86086214;0.159
SGPS3;ITAG;23408641;0.010
SULA11;ITAG;284566116;0.356
SUZB3;ITAG;724921241;1.558
TAEE11;ITAG;218568274;0.290
TASA3;ITAG;7795474;0.007
TASA4;ITAG;48884169;0.042
TECN3;ITAG;64903072;0.007
TCSA3;ITAG;54501246;0.016
TGMA3;ITAG;32001480;0.028
TEND3;ITAG;96408761;0.087
TESA3;ITAG;7184729;0.013
TIMS3;ITAG;808485985;0.335
SHOW3;ITAG;35113740;0.008
TOTS3;ITAG;480228410;0.650
TFCO4;ITAG;57536221;0.032
TRIS3;ITAG;78643944;0.027
TPIS3;ITAG;74061523;0.009
TUPY3;ITAG;66821197;0.057
UGPA3;ITAG;1085987426;0.718
UCAS3;ITAG;29340638;0.005
VALE3;ITAG;4721557982;19.221
VLID3;ITAG;78582401;0.031
VAMO3;ITAG;45620437;0.093
VVAR3;ITAG;1595508601;0.906
VIVA3;ITAG;93368726;0.110
VULC3;ITAG;74685291;0.026
WEGE3;ITAG;1482296002;1.795
WEST3;ITAG;79438948;0.026
WIZS3;ITAG;77719799;0.049
YDUQ3;ITAG;300483575;0.354
ABEV3;ICO2;4787031176;4.948
ASAI3;ICO2;265105535;1.389
BTOW3;ICO2;346346521;1.389
B3SA3;ICO2;6650856822;6.773
BIDI4;ICO2;474669156;0.752
BIDI11;ICO2;581517306;2.739
BRML3;ICO2;829351173;0.509
BBDC3;ICO2;1695168382;2.244
BBDC4;ICO2;4649563200;7.243
BBAS3;ICO2;1596459172;3.106
BRKM5;ICO2;138586385;0.500
BRFS3;ICO2;701989943;1.162
BPAC11;ICO2;1432907096;2.647
CCRO3;ICO2;1770793466;1.442
CMIG4;ICO2;1564345209;1.149
CIEL3;ICO2;935008692;0.206
CPLE6;ICO2;1696102848;0.609
CSAN3;ICO2;1575378836;2.285
CPFE3;ICO2;413538085;0.674
DTEX3;ICO2;273813447;0.395
ECOR3;ICO2;853978625;0.613
ELET3;ICO2;260088452;0.680
ELET6;ICO2;176514792;0.462
ENBR3;ICO2;127000991;0.136
EGIE3;ICO2;62620072;0.148
FLRY3;ICO2;660040172;1.036
GGBR4;ICO2;391531361;0.702
GOLL4;ICO2;69968355;0.097
NTCO3;ICO2;1030440669;3.540
HYPE3;ICO2;236275693;0.493
ITSA4;ICO2;676253233;0.457
ITUB4;ICO2;5107299218;9.210
JBSS3;ICO2;926919954;1.633
KLBN11;ICO2;794095693;1.266
LIGT3;ICO2;795326920;0.735
RENT3;ICO2;321961419;1.248
LCAM3;ICO2;695664403;1.155
LAME3;ICO2;230940852;0.289
LAME4;ICO2;783996145;1.024
LREN3;ICO2;700989325;1.877
MGLU3;ICO2;3117063335;3.992
MRFG3;ICO2;708091118;0.821
BEEF3;ICO2;980513229;0.556
MOVI3;ICO2;655523140;0.781
MRVE3;ICO2;812065240;0.803
MULT3;ICO2;497365567;0.708
NEOE3;ICO2;352202047;0.370
PCAR3;ICO2;384977240;0.901
PETR3;ICO2;1028175778;1.886
PETR4;ICO2;1274441863;2.271
BRDT3;ICO2;1562987926;2.525
PSSA3;ICO2;65844540;0.213
RADL3;ICO2;1433987959;2.145
RAIL3;ICO2;938447831;1.088
SAPR11;ICO2;93022011;0.115
SANB11;ICO2;588692698;1.444
SULA11;ICO2;572560641;1.206
SUZB3;ICO2;627705564;2.273
VIVT3;ICO2;319148246;0.805
TIMS3;ICO2;1552592932;1.084
UGPA3;ICO2;1423070876;1.585
WEGE3;ICO2;1699398094;3.466
AESB3;ISE;149647285;0.317
ASAI3;ISE;156928631;2.072
BTOW3;ISE;201802882;2.041
BBDC3;ISE;289125633;0.964
BBDC4;ISE;983287959;3.861
BBAS3;ISE;296071354;1.452
BRFS3;ISE;811759800;3.385
BPAC11;ISE;240416172;1.119
CCRO3;ISE;1115693556;2.290
CMIG3;ISE;266451715;0.593
CMIG4;ISE;1081211185;2.001
CIEL3;ISE;1112196638;0.618
CPLE3;ISE;71640156;0.061
CPLE6;ISE;570829074;0.517
CSAN3;ISE;433896068;1.586
CPFE3;ISE;187714249;0.771
DTEX3;ISE;273813447;0.994
ECOR3;ISE;172602770;0.312
ELET3;ISE;358018408;2.358
ELET6;ISE;242977127;1.605
ENBR3;ISE;231489471;0.625
EGIE3;ISE;254792279;1.522
FLRY3;ISE;303800430;1.202
NTCO3;ISE;841433075;7.285
ITSA4;ISE;1041867515;1.773
ITUB3;ISE;88782175;0.362
ITUB4;ISE;1100601278;5.002
KLBN11;ISE;922294338;3.707
LIGT3;ISE;372555324;0.868
LAME3;ISE;249502964;0.786
LAME4;ISE;847010651;2.789
LREN3;ISE;887417914;5.989
MDIA3;ISE;83669782;0.417
MRFG3;ISE;368864634;1.077
BEEF3;ISE;240482896;0.344
MOVI3;ISE;132113940;0.397
MRVE3;ISE;293978672;0.733
NEOE3;ISE;226098192;0.599
PCAR3;ISE;156928631;0.926
PETR3;ISE;1367129345;6.319
PETR4;ISE;1694580738;7.610
BRDT3;ISE;432307932;1.760
SANB11;ISE;82057153;0.507
SUZB3;ISE;724921241;6.616
VIVT3;ISE;444219852;2.825
TIMS3;ISE;808485985;1.422
WEGE3;ISE;1482296002;7.621
AALR3;ICON;46716473;0.073
ALPA4;ICON;168770200;1.126
ABEV3;ICON;4358542894;9.894
ANIM3;ICON;288432555;0.530
ARZZ3;ICON;45095471;0.567
ASAI3;ICON;156928631;1.806
BTOW3;ICON;201802882;1.778
BKBR3;ICON;272245759;0.432
AGRO3;ICON;51771532;0.206
BRFS3;ICON;811759800;2.950
CAML3;ICON;116264997;0.147
CRFB3;ICON;391758726;1.094
CEAB3;ICON;106394635;0.203
HGTX3;ICON;126186408;0.574
COGN3;ICON;1847994874;1.065
CURY3;ICON;104545454;0.142
CVCB3;ICON;225955651;0.833
CYRE3;ICON;281154098;0.873
PNVL3;ICON;68859355;0.196
DIRR3;ICON;81360368;0.151
EVEN3;ICON;209535948;0.291
EZTC3;ICON;95756217;0.396
FLRY3;ICON;303800430;1.047
GFSA3;ICON;118208091;0.070
GRND3;ICON;268371180;0.358
GMAT3;ICON;463952163;0.489
NTCO3;ICON;841433075;6.349
SBFG3;ICON;88709474;0.451
SOMA3;ICON;183851421;0.390
GUAR3;ICON;81944760;0.227
HAPV3;ICON;1265256490;2.593
HBOR3;ICON;65261522;0.073
HYPE3;ICON;410147968;1.880
PARD3;ICON;43661030;0.122
MEAL3;ICON;264441032;0.143
GNDI3;ICON;593438080;6.702
MYPK3;ICON;141465625;0.302
JBSS3;ICON;1388025890;5.371
JHSF3;ICON;288832602;0.279
LAVV3;ICON;93139429;0.103
RENT3;ICON;593841434;5.054
LCAM3;ICON;323763077;1.180
LAME3;ICON;249502964;0.686
LAME4;ICON;847010651;2.431
AMAR3;ICON;111476495;0.137
LREN3;ICON;887417914;5.220
MDIA3;ICON;83669782;0.363
MGLU3;ICON;2668955512;7.506
MRFG3;ICON;368864634;0.939
LEVE3;ICON;38492519;0.171
BEEF3;ICON;240482896;0.299
MTRE3;ICON;54039454;0.086
MOVI3;ICON;132113940;0.346
MRVE3;ICON;293978672;0.638
ODPV3;ICON;263448316;0.456
PCAR3;ICON;156928631;0.807
PETZ3;ICON;261956811;0.897
QUAL3;ICON;283467789;1.090
LJQQ3;ICON;177734774;0.541
RADL3;ICON;1072645150;3.525
RDOR3;ICON;903127590;8.290
SMTO3;ICON;143032073;0.687
SEER3;ICON;54346207;0.136
SLCE3;ICON;86086214;0.587
TCSA3;ICON;54501246;0.061
TEND3;ICON;96408761;0.321
TRIS3;ICON;78643944;0.102
VVAR3;ICON;1595508601;3.350
VIVA3;ICON;93368726;0.409
VULC3;ICON;74685291;0.097
YDUQ3;ICON;300483575;1.312
ABCB4;IDIV;143406221;0.664
BRSR6;IDIV;411506222;1.629
BBSE3;IDIV;666221628;4.710
BRAP4;IDIV;139111884;3.138
BBAS3;IDIV;265544030;2.569
AGRO3;IDIV;105190073;0.947
CCRO3;IDIV;579476887;2.386
CMIG3;IDIV;541380066;2.354
CMIG4;IDIV;744527240;2.694
CESP6;IDIV;369825912;2.690
CSMG3;IDIV;382884110;1.737
CPLE3;IDIV;145559402;0.247
CPLE6;IDIV;1159817951;2.093
CYRE3;IDIV;571252560;3.957
DIRR3;IDIV;165309055;0.692
ENBR3;IDIV;470343323;2.515
EGIE3;IDIV;174847379;2.081
FESA4;IDIV;81567743;1.081
GRND3;IDIV;545280061;1.648
ROMI3;IDIV;75731076;0.569
ITSA4;IDIV;1210949386;4.116
ITUB3;IDIV;496338315;4.004
ITUB4;IDIV;388888030;3.514
JHSF3;IDIV;586853844;1.266
LEVE3;IDIV;78209601;0.782
MRVE3;IDIV;591809917;2.903
BRDT3;IDIV;903149549;7.861
PSSA3;IDIV;190253023;3.139
QUAL3;IDIV;257788132;2.226
SAPR4;IDIV;413481715;0.510
SANB11;IDIV;183742990;2.270
CSNA3;IDIV;257096472;3.398
SLCE3;IDIV;174911091;2.768
TAEE11;IDIV;444089867;4.977
TGMA3;IDIV;65021024;0.456
VIVT3;IDIV;427927171;5.420
TRPL4;IDIV;804185592;6.003
TRIS3;IDIV;159789790;0.474
UNIP6;IDIV;90075556;2.700
WIZS3;IDIV;157912100;0.812
AESB3;IEE;12600;5.221
ALUP11;IEE;7300;5.740
CMIG4;IEE;13400;4.845
CESP6;IEE;7500;5.352
COCE5;IEE;3400;6.182
CPLE6;IEE;29700;5.250
CPFE3;IEE;6300;5.054
ELET3;IEE;5200;6.692
ENBR3;IEE;10100;5.323
ENGI11;IEE;4200;5.834
ENEV3;IEE;12400;6.276
EGIE3;IEE;4700;5.485
EQTL3;IEE;7400;5.470
LIGT3;IEE;10500;4.776
NEOE3;IEE;11500;5.955
OMGE3;IEE;4900;5.550
TAEE11;IEE;5100;5.610
TRPL4;IEE;7200;5.385
ABCB4;IFNC;70580422;0.200
B3SA3;IFNC;5951134947;18.092
BMGB4;IFNC;99052274;0.086
BIDI4;IFNC;100239024;0.474
BIDI11;IFNC;453631743;6.378
BPAN4;IFNC;341124068;1.484
BRSR6;IFNC;202531540;0.485
BBSE3;IFNC;671584841;2.804
BBDC3;IFNC;1014549749;4.009
BBDC4;IFNC;3450384318;16.046
BBAS3;IFNC;1283197221;7.452
BPAC11;IFNC;1041983176;5.747
CIEL3;IFNC;1112196638;0.732
IRBR3;IFNC;1255286531;1.309
ITSA4;IFNC;4515538171;9.100
ITUB3;IFNC;283712976;1.370
ITUB4;IFNC;3517089586;18.934
PSSA3;IFNC;93637072;0.905
SANB11;IFNC;355642348;2.603
SULA11;IFNC;284566116;1.790
BRAP4;IMAT;222604507;6.850
BRKM5;IMAT;264640575;6.410
DTEX3;IMAT;273813447;2.589
FESA4;IMAT;40145300;0.726
GGBR4;IMAT;995903643;11.968
GOAU4;IMAT;693699918;3.925
RANI3;IMAT;85725289;0.321
KLBN11;IMAT;922294338;10.142
CSNA3;IMAT;642398790;11.581
SUZB3;IMAT;724921241;18.154
UNIP6;IMAT;44332601;1.812
USIM5;IMAT;513796208;4.114
VALE3;IMAT;463449935;21.408
ALSO3;IMOB;127376805;6.786
BRML3;IMOB;843728684;15.897
BRPR3;IMOB;198812616;3.399
CURY3;IMOB;104545454;1.998
CYRE3;IMOB;281154098;12.154
DIRR3;IMOB;81360368;2.125
EVEN3;IMOB;209535948;4.036
EZTC3;IMOB;95756217;5.547
GFSA3;IMOB;118208091;0.986
HBOR3;IMOB;65261522;1.010
IGTA3;IMOB;85796919;6.412
JPSA3;IMOB;34833911;2.193
JHSF3;IMOB;288832602;3.890
LAVV3;IMOB;93139429;1.410
LOGG3;IMOB;59190591;3.526
LPSB3;IMOB;114874308;0.982
MTRE3;IMOB;54039454;1.171
MRVE3;IMOB;293978672;9.001
MULT3;IMOB;245888754;10.634
TCSA3;IMOB;54501246;0.848
TEND3;IMOB;96408761;4.539
TRIS3;IMOB;78643944;1.456
AERI3;INDX;218058827;0.446
ALPA4;INDX;168770200;1.716
ABEV3;INDX;4358542894;15.257
BRKM5;INDX;264640575;3.143
BRFS3;INDX;811759800;4.467
CAML3;INDX;116264997;0.225
HGTX3;INDX;126186408;0.870
CYRE3;INDX;281154098;1.302
DIRR3;INDX;81360368;0.228
DTEX3;INDX;273813447;1.269
EMBR3;INDX;736143105;2.808
EVEN3;INDX;209535948;0.432
EZTC3;INDX;95756217;0.594
GFSA3;INDX;118208091;0.106
GGBR4;INDX;995903643;5.868
GOAU4;INDX;693699918;1.924
GRND3;INDX;268371180;0.542
NTCO3;INDX;841433075;9.799
HBOR3;INDX;65261522;0.108
ROMI3;INDX;37272660;0.188
MYPK3;INDX;141465625;0.467
JBSS3;INDX;1388025890;8.229
JHSF3;INDX;288832602;0.417
KLBN11;INDX;922294338;4.972
MDIA3;INDX;83669782;0.536
POMO4;INDX;573419889;0.406
MRFG3;INDX;368864634;1.460
BEEF3;INDX;240482896;0.457
MRVE3;INDX;293978672;0.964
PTBL3;INDX;69996578;0.251
POSI3;INDX;78616498;0.194
RAPT4;INDX;177421406;0.483
SMTO3;INDX;143032073;1.050
CSNA3;INDX;642398790;5.678
SUZB3;INDX;724921241;8.901
TASA4;INDX;48884169;0.239
TCSA3;INDX;54501246;0.091
TEND3;INDX;96408761;0.486
TRIS3;INDX;78643944;0.156
TUPY3;INDX;66821197;0.313
USIM5;INDX;513796208;2.017
VIVA3;INDX;93368726;0.608
WEGE3;INDX;1482296002;10.333
AZUL4;IVBX 2;327262616;1.543
BTOW3;IVBX 2;201802882;1.418
BBSE3;IVBX 2;671584841;1.673
BRML3;IVBX 2;843728684;0.897
BRAP4;IVBX 2;222604507;1.769
BRFS3;IVBX 2;811759800;2.354
CRFB3;IVBX 2;391758726;0.878
CCRO3;IVBX 2;1115693556;1.619
CMIG4;IVBX 2;1081211185;1.379
CIEL3;IVBX 2;1112196638;0.431
COGN3;IVBX 2;1847994874;0.844
CSAN3;IVBX 2;1169237744;3.014
CVCB3;IVBX 2;225955651;0.653
CYRE3;IVBX 2;281154098;0.686
ELET3;IVBX 2;358018408;1.667
EMBR3;IVBX 2;736143105;1.479
EQTL3;IVBX 2;1010286085;2.627
GGBR4;IVBX 2;995903643;3.092
GOAU4;IVBX 2;693699918;1.014
GOLL4;IVBX 2;178123292;0.434
NTCO3;IVBX 2;841433075;5.163
HAPV3;IVBX 2;1265256490;2.034
HYPE3;IVBX 2;410147968;1.498
GNDI3;IVBX 2;593438080;5.317
ITSA4;IVBX 2;4515538171;5.409
JBSS3;IVBX 2;1388025890;4.335
KLBN11;IVBX 2;922294338;2.620
RENT3;IVBX 2;593841434;3.980
LWSA3;IVBX 2;427663748;1.197
LAME4;IVBX 2;847010651;1.915
LREN3;IVBX 2;887417914;4.076
MRFG3;IVBX 2;368864634;0.769
BEEF3;IVBX 2;240482896;0.241
MULT3;IVBX 2;245888754;0.600
PCAR3;IVBX 2;156928631;0.643
BRDT3;IVBX 2;1164958126;3.573
PRIO3;IVBX 2;807220415;1.778
QUAL3;IVBX 2;283467789;0.863
RADL3;IVBX 2;1072645150;2.829
RAIL3;IVBX 2;1218081171;2.580
SBSP3;IVBX 2;339999111;1.316
CSNA3;IVBX 2;642398790;2.992
SULA11;IVBX 2;284566116;1.043
SUZB3;IVBX 2;724921241;4.690
VIVT3;IVBX 2;444219852;1.982
TIMS3;IVBX 2;808485985;0.986
TOTS3;IVBX 2;480228410;1.877
UGPA3;IVBX 2;1085987426;2.117
USIM5;IVBX 2;513796208;1.063
YDUQ3;IVBX 2;300483575;1.043
ALPA4;MLCX;168770200;0.335
ABEV3;MLCX;4358542894;2.981
ASAI3;MLCX;156928631;0.535
BTOW3;MLCX;201802882;0.526
B3SA3;MLCX;6119434194;3.971
BIDI4;MLCX;100239024;0.103
BIDI11;MLCX;453631743;1.397
BBSE3;MLCX;671584841;0.620
BBDC3;MLCX;1253093907;1.078
BBDC4;MLCX;4261649634;4.303
BRAP4;MLCX;222604507;0.656
BBAS3;MLCX;1283197221;1.622
BRKM5;MLCX;264640575;0.614
BRFS3;MLCX;811759800;0.873
BPAC11;MLCX;1041983176;1.249
CRFB3;MLCX;391758726;0.326
CCRO3;MLCX;1115693556;0.600
CMIG3;MLCX;266451715;0.151
CMIG4;MLCX;1081211185;0.511
CPLE3;MLCX;71640156;0.016
CPLE6;MLCX;570829074;0.135
CSAN3;MLCX;1169237744;1.118
CPFE3;MLCX;187714249;0.198
ELET3;MLCX;358018408;0.618
ELET6;MLCX;242977127;0.418
ENGI11;MLCX;250679709;0.454
ENEV3;MLCX;1258511620;0.844
EGIE3;MLCX;254792279;0.396
EQTL3;MLCX;1010286085;0.974
GGBR4;MLCX;995903643;1.146
GMAT3;MLCX;463952163;0.144
NTCO3;MLCX;841433075;1.914
HAPV3;MLCX;1265256490;0.754
HYPE3;MLCX;410147968;0.556
GNDI3;MLCX;593438080;1.972
ITSA4;MLCX;4515538171;2.006
ITUB3;MLCX;384789136;0.406
ITUB4;MLCX;4770095054;5.632
JBSS3;MLCX;1388025890;1.608
KLBN11;MLCX;922294338;0.971
RENT3;MLCX;593841434;1.476
LAME3;MLCX;249502964;0.200
LAME4;MLCX;847010651;0.710
LREN3;MLCX;887417914;1.511
MGLU3;MLCX;2668955512;2.196
NEOE3;MLCX;226098192;0.155
PETR3;MLCX;3684060179;4.360
PETR4;MLCX;4566457037;5.277
BRDT3;MLCX;1164958126;1.325
PSSA3;MLCX;93637072;0.202
RADL3;MLCX;1072645150;1.049
RDOR3;MLCX;903127590;2.489
RAIL3;MLCX;1218081171;0.957
SBSP3;MLCX;339999111;0.488
SANB11;MLCX;355642348;0.574
CSNA3;MLCX;642398790;1.109
SULA11;MLCX;284566116;0.387
SUZB3;MLCX;724921241;1.739
VIVT3;MLCX;444219852;0.735
TIMS3;MLCX;808485985;0.366
TOTS3;MLCX;480228410;0.696
TRPL4;MLCX;395797044;0.386
UGPA3;MLCX;1085987426;0.785
USIM5;MLCX;513796208;0.394
VALE3;MLCX;5130801424;22.703
VVAR3;MLCX;1595508601;0.981
WEGE3;MLCX;1482296002;2.019
RRRP3;SMLL;129507288;1.521
ABCB4;SMLL;70580422;0.276
AERI3;SMLL;218058827;0.563
AESB3;SMLL;149647285;0.533
ALSO3;SMLL;127376805;0.917
AALR3;SMLL;46716473;0.150
ALUP11;SMLL;178970157;1.213
AMBP3;SMLL;43733334;0.512
ANIM3;SMLL;288432555;1.025
ARZZ3;SMLL;45095471;1.080
AZUL4;SMLL;327262616;3.694
BMGB4;SMLL;99052274;0.119
BPAN4;SMLL;341124068;2.018
BRSR6;SMLL;202531540;0.677
BKBR3;SMLL;272245759;0.830
BRML3;SMLL;843728684;2.149
BRPR3;SMLL;198812616;0.459
AGRO3;SMLL;51771532;0.393
CAML3;SMLL;116264997;0.284
CEAB3;SMLL;106394635;0.381
CESP6;SMLL;182017689;1.117
HGTX3;SMLL;126186408;1.097
CIEL3;SMLL;1112196638;1.031
COGN3;SMLL;1847994874;2.021
CSMG3;SMLL;188444559;0.721
CVCB3;SMLL;225955651;1.563
CYRE3;SMLL;281154098;1.643
PNVL3;SMLL;68859355;0.366
DIRR3;SMLL;81360368;0.287
DTEX3;SMLL;273813447;1.602
ECOR3;SMLL;172602770;0.525
EMBR3;SMLL;736143105;3.542
ENAT3;SMLL;75939767;0.365
ENBR3;SMLL;231489471;1.044
ENJU3;SMLL;167521497;0.446
EVEN3;SMLL;209535948;0.546
EZTC3;SMLL;95756217;0.750
FESA4;SMLL;40145300;0.449
FLRY3;SMLL;303800430;1.986
GFSA3;SMLL;118208091;0.133
GOAU4;SMLL;693699918;2.428
GOLL4;SMLL;178123292;1.040
GRND3;SMLL;268371180;0.684
SBFG3;SMLL;88709474;0.873
SOMA3;SMLL;183851421;0.736
GUAR3;SMLL;81944760;0.429
HBOR3;SMLL;65261522;0.137
HBSA3;SMLL;325623566;0.540
IGTA3;SMLL;85796919;0.867
PARD3;SMLL;43661030;0.234
MEAL3;SMLL;264441032;0.268
ROMI3;SMLL;37272660;0.236
MYPK3;SMLL;141465625;0.589
RANI3;SMLL;85725289;0.199
IRBR3;SMLL;1255286531;1.843
JPSA3;SMLL;34833911;0.296
JHSF3;SMLL;288832602;0.526
LAVV3;SMLL;93139429;0.191
LIGT3;SMLL;372555324;1.433
LCAM3;SMLL;323763077;2.256
LWSA3;SMLL;427663748;2.867
LOGG3;SMLL;59190591;0.477
LOGN3;SMLL;100109944;0.472
AMAR3;SMLL;111476495;0.249
LPSB3;SMLL;114874308;0.133
MDIA3;SMLL;83669782;0.676
POMO4;SMLL;573419889;0.512
MRFG3;SMLL;368864634;1.842
CASH3;SMLL;74543311;0.912
LEVE3;SMLL;38492519;0.325
MILS3;SMLL;115486678;0.260
BEEF3;SMLL;240482896;0.576
MTRE3;SMLL;54039454;0.158
MOVI3;SMLL;132113940;0.660
MRVE3;SMLL;293978672;1.217
MULT3;SMLL;245888754;1.438
NGRD3;SMLL;108100000;0.170
ODPV3;SMLL;263448316;0.861
OMGE3;SMLL;122249557;1.171
PCAR3;SMLL;156928631;1.540
PRIO3;SMLL;807220415;4.257
PETZ3;SMLL;261956811;1.675
PTBL3;SMLL;69996578;0.316
POSI3;SMLL;78616498;0.245
QUAL3;SMLL;283467789;2.066
LJQQ3;SMLL;177734774;1.032
RAPT4;SMLL;177421406;0.610
RCSL4;SMLL;50414424;0.027
SAPR4;SMLL;203503821;0.212
SAPR11;SMLL;200991234;1.036
STBP3;SMLL;857995211;2.042
SMTO3;SMLL;143032073;1.325
SEQL3;SMLL;109785229;0.806
SEER3;SMLL;54346207;0.248
SIMH3;SMLL;85662375;1.226
SQIA3;SMLL;58702058;0.367
SLCE3;SMLL;86086214;1.149
TAEE11;SMLL;218568274;2.067
TASA4;SMLL;48884169;0.302
TCSA3;SMLL;54501246;0.115
TGMA3;SMLL;32001480;0.189
TEND3;SMLL;96408761;0.614
TRIS3;SMLL;78643944;0.197
TUPY3;SMLL;66821197;0.395
UNIP6;SMLL;44332601;1.121
VLID3;SMLL;78582401;0.214
VIVA3;SMLL;93368726;0.767
VULC3;SMLL;74685291;0.195
WIZS3;SMLL;77719799;0.337
YDUQ3;SMLL;300483575;2.499
AESB3;UTIL;149647285;1.107
ALUP11;UTIL;178970157;2.518
AMBP3;UTIL;43733334;1.063
CMIG3;UTIL;266451715;2.031
CMIG4;UTIL;1081211185;6.854
CESP6;UTIL;182017689;2.319
CSMG3;UTIL;188444559;1.498
CPLE3;UTIL;71640156;0.213
CPLE6;UTIL;570829074;1.805
CPFE3;UTIL;187714249;2.658
ELET3;UTIL;358018408;8.288
ELET6;UTIL;242977127;5.608
ENBR3;UTIL;231489471;2.168
ENGI11;UTIL;250679709;6.084
ENEV3;UTIL;1258511620;11.319
EGIE3;UTIL;254792279;5.313
EQTL3;UTIL;1010286085;13.062
LIGT3;UTIL;372555324;2.975
NEOE3;UTIL;226098192;2.080
OMGE3;UTIL;122249557;2.432
SBSP3;UTIL;339999111;6.544
SAPR4;UTIL;203503821;0.439
SAPR11;UTIL;200991234;2.153
TAEE11;UTIL;218568274;4.292
TRPL4;UTIL;395797044;5.177
