-- MySQL dump 10.13  Distrib 8.0.23, for Win64 (x86_64)
--
-- Host: localhost    Database: mb_stock_monitor
-- ------------------------------------------------------
-- Server version	8.0.23

/*!40101 SET @OLD_CHARACTER_SET_CLIENT=@@CHARACTER_SET_CLIENT */;
/*!40101 SET @OLD_CHARACTER_SET_RESULTS=@@CHARACTER_SET_RESULTS */;
/*!40101 SET @OLD_COLLATION_CONNECTION=@@COLLATION_CONNECTION */;
/*!50503 SET NAMES utf8 */;
/*!40103 SET @OLD_TIME_ZONE=@@TIME_ZONE */;
/*!40103 SET TIME_ZONE='+00:00' */;
/*!40014 SET @OLD_UNIQUE_CHECKS=@@UNIQUE_CHECKS, UNIQUE_CHECKS=0 */;
/*!40014 SET @OLD_FOREIGN_KEY_CHECKS=@@FOREIGN_KEY_CHECKS, FOREIGN_KEY_CHECKS=0 */;
/*!40101 SET @OLD_SQL_MODE=@@SQL_MODE, SQL_MODE='NO_AUTO_VALUE_ON_ZERO' */;
/*!40111 SET @OLD_SQL_NOTES=@@SQL_NOTES, SQL_NOTES=0 */;

--
-- Table structure for table `acao`
--

DROP TABLE IF EXISTS `acao`;
/*!40101 SET @saved_cs_client     = @@character_set_client */;
/*!50503 SET character_set_client = utf8mb4 */;
CREATE TABLE `acao` (
  `aco_codigo` varchar(8) NOT NULL,
  `emp_codigo` varchar(4) NOT NULL,
  PRIMARY KEY (`aco_codigo`),
  KEY `fk_acao_empresa` (`emp_codigo`),
  CONSTRAINT `fk_acao_empresa` FOREIGN KEY (`emp_codigo`) REFERENCES `empresa` (`emp_codigo`) ON DELETE CASCADE
) ENGINE=InnoDB DEFAULT CHARSET=utf8mb4 COLLATE=utf8mb4_0900_ai_ci;
/*!40101 SET character_set_client = @saved_cs_client */;

--
-- Dumping data for table `acao`
--

LOCK TABLES `acao` WRITE;
/*!40000 ALTER TABLE `acao` DISABLE KEYS */;
INSERT INTO `acao` VALUES ('AALR3','AALR'),('ABCB4','ABCB'),('ABEV3','ABEV'),('AERI3','AERI'),('AESB3','AESB'),('AGRO3','AGRO'),('ALLD3','ALLD'),('ALPA3','ALPA'),('ALPA4','ALPA'),('ALPK3','ALPK'),('ALSO3','ALSO'),('ALUP11','ALUP'),('AMAR3','AMAR'),('AMBP3','AMBP'),('ANIM3','ANIM'),('APER3','APER'),('ARZZ3','ARZZ'),('ASAI3','ASAI'),('AVLL3','AVLL'),('AZUL4','AZUL'),('B3SA3','B3SA'),('BAHI3','BAHI'),('BBAS3','BBAS'),('BBDC3','BBDC'),('BBDC4','BBDC'),('BBRK3','BBRK'),('BBSE3','BBSE'),('BEEF3','BEEF'),('BGIP4','BGIP'),('BIDI11','BIDI'),('BIDI4','BIDI'),('BIOM3','BIOM'),('BKBR3','BKBR'),('BLAU3','BLAU'),('BMEB3','BMEB'),('BMEB4','BMEB'),('BMGB4','BMGB'),('BMOB3','BMOB'),('BOAS3','BOAS'),('BPAC11','BPAC'),('BPAN4','BPAN'),('BRAP3','BRAP'),('BRAP4','BRAP'),('BRBI11','BRBI'),('BRDT3','BRDT'),('BRFS3','BRFS'),('BRKM3','BRKM'),('BRKM5','BRKM'),('BRML3','BRML'),('BRPR3','BRPR'),('BRSR3','BRSR'),('BRSR6','BRSR'),('BTOW3','BTOW'),('CAML3','CAML'),('CARD3','CARD'),('CASH3','CASH'),('CCPR3','CCPR'),('CCRO3','CCRO'),('CEAB3','CEAB'),('CEDO3','CEDO'),('CEDO4','CEDO'),('CESP3','CESP'),('CESP5','CESP'),('CESP6','CESP'),('CGRA3','CGRA'),('CGRA4','CGRA'),('CIEL3','CIEL'),('CLSC4','CLSC'),('CMIG3','CMIG'),('CMIG4','CMIG'),('CMIN3','CMIN'),('COCE5','COCE'),('COGN3','COGN'),('CPFE3','CPFE'),('CPLE3','CPLE'),('CPLE6','CPLE'),('CRDE3','CRDE'),('CRFB3','CRFB'),('CSAN3','CSAN'),('CSED3','CSED'),('CSMG3','CSMG'),('CSNA3','CSNA'),('CTNM4','CTNM'),('CURY3','CURY'),('CVCB3','CVCB'),('CXSE3','CXSE'),('CYRE3','CYRE'),('DASA3','DASA'),('DIRR3','DIRR'),('DMVF3','DMVF'),('DOTZ3','DOTZ'),('DTEX3','DTEX'),('ECOR3','ECOR'),('EGIE3','EGIE'),('ELET3','ELET'),('ELET6','ELET'),('ELMD3','ELMD'),('EMBR3','EMBR'),('ENAT3','ENAT'),('ENBR3','ENBR'),('ENEV3','ENEV'),('ENGI11','ENGI'),('ENJU3','ENJU'),('EQTL3','EQTL'),('ESPA3','ESPA'),('EUCA3','EUCA'),('EUCA4','EUCA'),('EVEN3','EVEN'),('EZTC3','EZTC'),('FESA4','FESA'),('FLRY3','FLRY'),('FRAS3','FRAS'),('GEPA4','GEPA'),('GFSA3','GFSA'),('GGBR3','GGBR'),('GGBR4','GGBR'),('GGPS3','GGPS'),('GMAT3','GMAT'),('GNDI3','GNDI'),('GOAU3','GOAU'),('GOAU4','GOAU'),('GOLL4','GOLL'),('GRND3','GRND'),('GSHP3','GSHP'),('GUAR3','GUAR'),('HAPV3','HAPV'),('HBOR3','HBOR'),('HBRE3','HBRE'),('HBSA3','HBSA'),('HGTX3','HGTX'),('HYPE3','HYPE'),('IFCM3','IFCM'),('IGTA3','IGTA'),('INTB3','INTB'),('IRBR3','IRBR'),('ITSA3','ITSA'),('ITSA4','ITSA'),('ITUB3','ITUB'),('ITUB4','ITUB'),('JALL3','JALL'),('JBSS3','JBSS'),('JHSF3','JHSF'),('JPSA3','JPSA'),('JSLG3','JSLG'),('KEPL3','KEPL'),('KLBN11','KLBN'),('LAME3','LAME'),('LAME4','LAME'),('LAVV3','LAVV'),('LCAM3','LCAM'),('LEVE3','LEVE'),('LIGT3','LIGT'),('LJQQ3','LJQQ'),('LOGG3','LOGG'),('LOGN3','LOGN'),('LPSB3','LPSB'),('LREN3','LREN'),('LWSA3','LWSA'),('MATD3','MATD'),('MBLY3','MBLY'),('MDIA3','MDIA'),('MDNE3','MDNE'),('MEAL3','MEAL'),('MELK3','MELK'),('MGLU3','MGLU'),('MILS3','MILS'),('MODL11','MODL'),('MODL3','MODL'),('MODL4','MODL'),('MOSI3','MOSI'),('MOVI3','MOVI'),('MRFG3','MRFG'),('MRVE3','MRVE'),('MTIG4','MTIG'),('MTRE3','MTRE'),('MULT3','MULT'),('MYPK3','MYPK'),('NEOE3','NEOE'),('NGRD3','NGRD'),('NINJ3','NINJ'),('NTCO3','NTCO'),('ODPV3','ODPV'),('OFSA3','OFSA'),('OMGE3','OMGE'),('OPCT3','OPCT'),('ORVR3','ORVR'),('OSXB3','OSXB'),('PARD3','PARD'),('PCAR3','PCAR'),('PDTC3','PDTC'),('PETR3','PETR'),('PETR4','PETR'),('PETZ3','PETZ'),('PFRM3','PFRM'),('PGMN3','PGMN'),('PINE4','PINE'),('PLPL3','PLPL'),('PMAM3','PMAM'),('PNVL3','PNVL'),('PNVL4','PNVL'),('POMO3','POMO'),('POMO4','POMO'),('POSI3','POSI'),('POWE3','POWE'),('PRIO3','PRIO'),('PRNR3','PRNR'),('PSSA3','PSSA'),('PTBL3','PTBL'),('PTNT4','PTNT'),('QUAL3','QUAL'),('RADL3','RADL'),('RAIL3','RAIL'),('RANI3','RANI'),('RAPT3','RAPT'),('RAPT4','RAPT'),('RCSL4','RCSL'),('RDNI3','RDNI'),('RDOR3','RDOR'),('RECV3','RECV'),('RENT3','RENT'),('ROMI3','ROMI'),('RRRP3','RRRP'),('RSID3','RSID'),('SANB11','SANB'),('SAPR11','SAPR'),('SAPR4','SAPR'),('SBFG3','SBFG'),('SBSP3','SBSP'),('SCAR3','SCAR'),('SEER3','SEER'),('SEQL3','SEQL'),('SGPS3','SGPS'),('SHOW3','SHOW'),('SIMH3','SIMH'),('SLCE3','SLCE'),('SMTO3','SMTO'),('SOJA3','SOJA'),('SOMA3','SOMA'),('SQIA3','SQIA'),('STBP3','STBP'),('SULA11','SULA'),('SUZB3','SUZB'),('TAEE11','TAEE'),('TASA3','TASA'),('TASA4','TASA'),('TCSA3','TCSA'),('TECN3','TECN'),('TEND3','TEND'),('TESA3','TESA'),('TFCO4','TFCO'),('TGMA3','TGMA'),('TIMS3','TIMS'),('TOTS3','TOTS'),('TPIS3','TPIS'),('TRIS3','TRIS'),('TRPL3','TRPL'),('TRPL4','TRPL'),('TUPY3','TUPY'),('UCAS3','UCAS'),('UGPA3','UGPA'),('UNIP6','UNIP'),('USIM3','USIM'),('USIM5','USIM'),('VALE3','VALE'),('VAMO3','VAMO'),('VIVA3','VIVA'),('VIVT3','VIVT'),('VLID3','VLID'),('VULC3','VULC'),('VVAR3','VVAR'),('WEGE3','WEGE'),('WEST3','WEST'),('WIZS3','WIZS'),('YDUQ3','YDUQ');
/*!40000 ALTER TABLE `acao` ENABLE KEYS */;
UNLOCK TABLES;

--
-- Table structure for table `cotacao`
--

DROP TABLE IF EXISTS `cotacao`;
/*!40101 SET @saved_cs_client     = @@character_set_client */;
/*!50503 SET character_set_client = utf8mb4 */;
CREATE TABLE `cotacao` (
  `cot_data` date NOT NULL,
  `aco_codigo` varchar(8) NOT NULL,
  `cot_abertura` decimal(6,2) NOT NULL,
  `cot_max` decimal(6,2) NOT NULL,
  `cot_min` decimal(6,2) NOT NULL,
  `cot_fechamento` decimal(6,2) NOT NULL,
  `cot_volume` int NOT NULL,
  PRIMARY KEY (`cot_data`,`aco_codigo`),
  KEY `fk_cotacao_acao` (`aco_codigo`),
  CONSTRAINT `fk_cotacao_acao` FOREIGN KEY (`aco_codigo`) REFERENCES `acao` (`aco_codigo`) ON DELETE CASCADE ON UPDATE CASCADE
) ENGINE=InnoDB DEFAULT CHARSET=utf8mb4 COLLATE=utf8mb4_0900_ai_ci;
/*!40101 SET character_set_client = @saved_cs_client */;

--
-- Dumping data for table `cotacao`
--

LOCK TABLES `cotacao` WRITE;
/*!40000 ALTER TABLE `cotacao` DISABLE KEYS */;
/*!40000 ALTER TABLE `cotacao` ENABLE KEYS */;
UNLOCK TABLES;

--
-- Table structure for table `cotacao_indice`
--

DROP TABLE IF EXISTS `cotacao_indice`;
/*!40101 SET @saved_cs_client     = @@character_set_client */;
/*!50503 SET character_set_client = utf8mb4 */;
CREATE TABLE `cotacao_indice` (
  `cot_ind_data` date NOT NULL,
  `ind_sigla` varchar(15) NOT NULL,
  `cot_ind_abertura` decimal(8,2) NOT NULL,
  `cot_ind_max` decimal(8,2) NOT NULL,
  `cot_ind_min` decimal(8,2) NOT NULL,
  `cot_ind_fechamento` decimal(8,2) NOT NULL,
  PRIMARY KEY (`cot_ind_data`,`ind_sigla`),
  KEY `fk_cotacao_indice_indice` (`ind_sigla`),
  CONSTRAINT `fk_cotacao_indice_indice` FOREIGN KEY (`ind_sigla`) REFERENCES `indice` (`ind_sigla`) ON DELETE CASCADE ON UPDATE CASCADE
) ENGINE=InnoDB DEFAULT CHARSET=utf8mb4 COLLATE=utf8mb4_0900_ai_ci;
/*!40101 SET character_set_client = @saved_cs_client */;

--
-- Dumping data for table `cotacao_indice`
--

LOCK TABLES `cotacao_indice` WRITE;
/*!40000 ALTER TABLE `cotacao_indice` DISABLE KEYS */;
/*!40000 ALTER TABLE `cotacao_indice` ENABLE KEYS */;
UNLOCK TABLES;

--
-- Table structure for table `empresa`
--

DROP TABLE IF EXISTS `empresa`;
/*!40101 SET @saved_cs_client     = @@character_set_client */;
/*!50503 SET character_set_client = utf8mb4 */;
CREATE TABLE `empresa` (
  `emp_codigo` varchar(4) NOT NULL,
  `emp_nome` varchar(45) NOT NULL,
  PRIMARY KEY (`emp_codigo`),
  UNIQUE KEY `uq_emp_nome` (`emp_nome`)
) ENGINE=InnoDB DEFAULT CHARSET=utf8mb4 COLLATE=utf8mb4_0900_ai_ci;
/*!40101 SET character_set_client = @saved_cs_client */;

--
-- Dumping data for table `empresa`
--

LOCK TABLES `empresa` WRITE;
/*!40000 ALTER TABLE `empresa` DISABLE KEYS */;
INSERT INTO `empresa` VALUES ('RRRP','3R PETROLEUM'),('QVQP','524 PARTICIP'),('ABCB','ABC BRASIL  '),('EALT','ACO ALTONA  '),('AERI','AERIS'),('AESB','AES BRASIL'),('AESL','AES SUL     '),('AFLT','AFLUENTE T  '),('GRAO','AGRIBRASIL'),('BRGE','ALFA CONSORC'),('CRIV','ALFA FINANC '),('RPAD','ALFA HOLDING'),('BRIV','ALFA INVEST '),('ALGT','ALGAR TELEC'),('ALSO','ALIANSCSONAE'),('APTI','ALIPERTI    '),('FRRN','ALL NORTE   '),('GASC','ALL PAULISTA'),('AALR','ALLIAR'),('ALLD','ALLIED'),('ALPA','ALPARGATAS  '),('APER','ALPER S.A.'),('AVLL','ALPHAVILLE'),('ALUP','ALUPAR'),('BAZA','AMAZONIA    '),('ABEV','AMBEV S/A'),('AMBP','AMBIPAR'),('CBEE','AMPLA ENERG '),('ANIM','ANIMA'),('ARZZ','AREZZO CO   '),('ASAI','ASSAI'),('ATMP','ATMASA'),('ATOM','ATOMPAR'),('ANHB','AUTOBAN     '),('AZEV','AZEVEDO     '),('AZUL','AZUL'),('BTOW','B2W DIGITAL'),('B3SA','B3 '),('BAHI','BAHEMA      '),('BMGB','BANCO BMG'),('BIDI','BANCO INTER'),('BPAN','BANCO PAN'),('BGIP','BANESE      '),('BEES','BANESTES    '),('BPAR','BANPARA     '),('BRSR','BANRISUL    '),('BDLL','BARDELLA    '),('BALM','BAUMER      '),('BBML','BBMLOGISTICA'),('BBSE','BBSEGURIDADE'),('BMOB','BEMOBI TECH'),('BETP','BETAPART    '),('BMKS','BIC MONARK  '),('BIOM','BIOMM       '),('BKBR','BK BRASIL'),('BLAU','BLAU'),('BNDP','BNDESPAR    '),('SOJA','BOA SAFRA'),('BOAS','BOA VISTA'),('BOBR','BOMBRIL     '),('BBRK','BR BROKERS  '),('BRML','BR MALLS PAR'),('BRBI','BR PARTNERS'),('BRPR','BR PROPERT  '),('BBDC','BRADESCO    '),('BDLS','BRADESCO LSG'),('BRAP','BRADESPAR   '),('BBAS','BRASIL      '),('AGRO','BRASILAGRO  '),('BRKM','BRASKEM     '),('BZRS','BRAZIL REALT'),('BFRE','BRAZILIAN FR'),('BSCS','BRAZILIAN SC'),('BSLI','BRB BANCO   '),('BRFS','BRF SA   '),('WTVR','BRPR 56 SEC'),('BRQB','BRQ'),('BPAC','BTGP BANCO'),('CABI','CABINDA PART'),('CPTE','CACHOEIRA'),('CACO','CACONDE PART'),('CXSE','CAIXA SEGURI'),('CAMB','CAMBUCI     '),('CAML','CAMIL'),('CRFB','CARREFOUR BR'),('CASN','CASAN       '),('CCRO','CCR SA      '),('CEAB','CEA MODAS'),('CEBR','CEB         '),('CEDO','CEDRO       '),('CEED','CEEE-D      '),('EEEL','CEEE-GT     '),('CEGR','CEG         '),('CLSC','CELESC      '),('GPAR','CELGPAR     '),('CEPE','CELPE       '),('MAPT','CEMEPE      '),('CMIG','CEMIG       '),('CMGD','CEMIG DIST  '),('CMGT','CEMIG GT    '),('CNTO','CENTAURO'),('CTBA','CEPAC - CTBA'),('MCRJ','CEPAC - MCRJ'),('PMSP','CEPAC - PMSP'),('CESP','CESP        '),('HGTX','CIA HERING  '),('CBSC','CIBRASEC'),('CIEL','CIELO       '),('CMSA','CIMS        '),('CNSY','CINESYSTEM'),('CEEB','COELBA      '),('COCE','COELCE      '),('COGN','COGNA ON'),('CGAS','COMGAS      '),('RPTA','CONC RAPOSO '),('CRTE','CONC RIO TER'),('CALI','CONST A LIND'),('CSMG','COPASA      '),('CPLE','COPEL       '),('CORR','COR RIBEIRO '),('CSAN','COSAN       '),('RLOG','COSAN LOG'),('CSRN','COSERN      '),('CTNM','COTEMINAS   '),('CPFE','CPFL ENERGIA'),('CPFG','CPFL GERACAO'),('CPFP','CPFL PIRATIN'),('CPRE','CPFL RENOVAV'),('CRDE','CR2         '),('CRPG','CRISTAL'),('CSED','CRUZEIRO EDU'),('CMIN','CSNMINERACAO'),('CARD','CSU CARDSYST'),('CURY','CURY S/A'),('CVCB','CVC BRASIL'),('CCPR','CYRE COM-CCP'),('CYRE','CYRELA REALT'),('DMVF','D1000VFARMA'),('DASA','DASA        '),('DEXP','DEXXOS PAR'),('DBEN','DIBENS LSG  '),('PNVL','DIMED       '),('DIRR','DIRECIONAL  '),('DOHL','DOHLER      '),('DMMO','DOMMO'),('DOTZ','DOTZ SA'),('DTCY','DTCOM-DIRECT'),('DTEX','DURATEX     '),('EBEN','EBE         '),('ECOA','ECO SEC AGRO'),('ERDV','ECON        '),('ASCP','ECOPISTAS   '),('ECOR','ECORODOVIAS '),('ECOV','ECOVIAS     '),('EKTR','ELEKTRO     '),('ELET','ELETROBRAS  '),('ELMD','ELETROMIDIA'),('LIPR','ELETROPAR   '),('EMAE','EMAE        '),('EPAR','EMBPAR S/A'),('EMBR','EMBRAER     '),('ENAT','ENAUTA PART'),('ECPR','ENCORPAR    '),('ENBR','ENERGIAS BR '),('ENGI','ENERGISA    '),('ENMT','ENERGISA MT'),('ENER','ENERSUL     '),('ENEV','ENEVA'),('EGIE','ENGIE BRASIL'),('ENJU','ENJOEI'),('EQPA','EQTL PARA'),('EQMA','EQTLMARANHAO'),('EQTL','EQUATORIAL  '),('ESCE','ESCELSA     '),('ESPA','ESPACOLASER'),('ALPK','ESTAPAR'),('ESTR','ESTRELA     '),('ETER','ETERNIT     '),('EUCA','EUCATEX     '),('EVEN','EVEN        '),('BAUH','EXCELSIOR   '),('EZTC','EZTEC       '),('VSPT','FER C ATLANT'),('FHER','FER HERINGER'),('FESA','FERBASA     '),('FGEN','FGENERGIA'),('FNCN','FINANSINOS  '),('FLRY','FLEURY      '),('FLEX','FLEX S/A'),('POWE','FOCUS ON'),('FRAS','FRAS-LE     '),('G2DI','G2D INVEST'),('GFSA','GAFISA      '),('GAFL','GAIA AGRO   '),('GAIA','GAIA SECURIT'),('OPGM','GAMA PART   '),('GSHP','GENERALSHOPP'),('GEPA','GER PARANAP '),('GGBR','GERDAU      '),('GOAU','GERDAU MET  '),('NINJ','GETNINJAS'),('GOLL','GOL         '),('GPIV','GP INVEST   '),('GGPS','GPS'),('CGRA','GRAZZIOTIN  '),('GRND','GRENDENE    '),('AGRU','GRUAIRPORT'),('GMAT','GRUPO MATEUS'),('NTCO','GRUPO NATURA      '),('SBFG','GRUPO SBF'),('SOMA','GRUPO SOMA'),('GUAR','GUARARAPES  '),('HBTS','HABITASUL   '),('HAGA','HAGA S/A    '),('HAPV','HAPVIDA'),('HBRE','HBR REALTY'),('HBOR','HELBOR      '),('HETA','HERCULES    '),('HBSA','HIDROVIAS'),('HOOT','HOTEIS OTHON'),('HYPE','HYPERA'),('IGBR','IGB S/A     '),('IGSN','IGUA SA  '),('IGTA','IGUATEMI    '),('PARD','IHPARDINI'),('MEAL','IMC S/A'),('CATA','IND CATAGUAS'),('ROMI','INDS ROMI   '),('INEP','INEPAR      '),('IFCM','INFRACOMM'),('INTB','INTELBRAS'),('INNT','INTER SA '),('GNDI','INTERMEDICA'),('IVPR','INVEPAR     '),('FIGE','INVEST BEMGE'),('MYPK','IOCHP-MAXION'),('RANI','IRANI '),('IRBR','IRBBRASIL RE'),('ITPB','ITAPEBI     '),('ITSA','ITAUSA      '),('ITUB','ITAUUNIBANCO'),('JBDU','J B DUARTE  '),('JMCD','J.MACEDO    '),('JALL','JALLESMACHAD'),('JBSS','JBS         '),('JPSA','JEREISSATI  '),('JHSF','JHSF PART   '),('JFEN','JOAO FORTES '),('JOPA','JOSAPAR     '),('JSLG','JSL         '),('KLAS','KALLAS'),('CTKA','KARSTEN     '),('KEPL','KEPLER WEBER'),('KLBN','KLABIN S/A  '),('LAVV','LAVVI'),('LLIS','LE LIS BLANC'),('LMED','LIFEMED'),('LIGH','LIGHT       '),('LIGT','LIGHT S/A   '),('LINX','LINX'),('LTEL','LITEL       '),('LTLA','LITELA'),('RENT','LOCALIZA    '),('LCAM','LOCAMERICA'),('LWSA','LOCAWEB'),('LOGG','LOG COM PROP'),('LOGN','LOG-IN      '),('LAME','LOJAS AMERIC'),('AMAR','LOJAS MARISA'),('LREN','LOJAS RENNER'),('LPSB','LOPES BRASIL'),('LUPA','LUPATECH    '),('MDIA','M.DIASBRANCO'),('MSRO','MAESTROLOC'),('MGLU','MAGAZ LUIZA '),('MGEL','MANGELS INDL'),('POMO','MARCOPOLO   '),('MRFG','MARFRIG     '),('MATD','MATER DEI'),('MSPA','MELHOR SP   '),('CASH','MELIUZ'),('MELK','MELNICK'),('MNZC','MENEZES CORT'),('BMEB','MERC BRASIL '),('MERC','MERC FINANC '),('BMIN','MERC INVEST '),('MTIG','METAL IGUACU'),('LEVE','METAL LEVE  '),('FRIO','METALFRIO   '),('MTSA','METISA      '),('MGIP','MGI PARTICIP'),('MILS','MILLS       '),('MMAQ','MINASMAQUINA'),('BEEF','MINERVA     '),('MNPR','MINUPAR     '),('MTRE','MITRE REALTY'),('MMXM','MMX MINER   '),('MBLY','MOBLY'),('MODL','MODALMAIS'),('MOAR','MONT ARANHA '),('MOSI','MOSAICO'),('MDNE','MOURA DUBEUX'),('MOVI','MOVIDA'),('MRSA','MRS LOGIST  '),('MRVE','MRV         '),('MULT','MULTIPLAN   '),('MNDL','MUNDIAL     '),('NEOE','NEOENERGIA  '),('NGRD','NEOGRID'),('BNBR','NORD BRASIL '),('NORD','NORDON MET  '),('NRTQ','NORTCQUIMICA'),('NUTR','NUTRIPLANT  '),('OPCT','OCEANPACT'),('OCTS','OCTANTE SEC'),('ODER','ODERICH     '),('ODPV','ODONTOPREV  '),('OIBR','OI'),('OMGE','OMEGA GER'),('OPHE','OPPORT ENERG'),('ORVR','ORIZON'),('OSXB','OSX BRASIL  '),('OFSA','OUROFINO S/A'),('PCAR','P.ACUCAR-CBD'),('PDTC','PADTEC'),('PGMN','PAGUE MENOS'),('PATI','PANATLANTICA'),('PEAB','PAR AL BAHIA'),('PRBC','PARANA      '),('PMAM','PARANAPANEMA'),('PALF','PAUL F LUZ  '),('PDGR','PDG REALT   '),('PDGS','PDG SECURIT '),('RPMG','PET MANGUINH'),('PETR','PETROBRAS   '),('BRDT','PETROBRAS BR'),('RECV','PETRORECSA '),('PRIO','PETRORIO'),('PTNT','PETTENATI   '),('PETZ','PETZ'),('PINE','PINE        '),('PLPL','PLANOEPLANO'),('PLAS','PLASCAR PART'),('PLSC','POLO CAP SEC'),('PPAR','POLPAR      '),('FRTA','POMIFRUTAS'),('PSSA','PORTO SEGURO'),('PSVM','PORTO VM'),('PTBL','PORTOBELLO  '),('POSI','POSITIVO TEC'),('PPLA','PPLA'),('PTCA','PRATICA'),('PRNR','PRINER'),('PFRM','PROFARMA    '),('PRMN','PROMAN      '),('PRPT','PROMPT PART '),('QUAL','QUALICORP   '),('QUSW','QUALITY SOFT'),('LJQQ','QUERO-QUERO'),('RADL','RAIADROGASIL    '),('RESA','RAIZEN ENERG'),('RAPT','RANDON PART '),('RBRA','RBCAPITALRES'),('RCSL','RECRUSUL    '),('RDOR','REDE D OR'),('REDE','REDE ENERGIA'),('RNEW','RENOVA      '),('RSUL','RIOSULENSE  '),('RDNI','RNI'),('COLN','ROD COLINAS '),('RDVT','ROD TIETE   '),('RSID','ROSSI RESID '),('CRBD','RT BANDEIRAS'),('RAIL','RUMO S.A.'),('SBSP','SABESP      '),('SAIP','SALUS INFRA'),('SAPR','SANEPAR     '),('SNST','SANESALTO   '),('SNSY','SANSUY      '),('SANB','SANTANDER BR'),('CTSA','SANTANENSE  '),('STBP','SANTOS BRP  '),('SCAR','SAO CARLOS  '),('SMTO','SAO MARTINHO'),('SLED','SARAIVA LIVR'),('SHUL','SCHULZ      '),('CSAB','SEG AL BAHIA'),('SEQL','SEQUOIA LOG'),('SEER','SER EDUCA'),('CSNA','SID NACIONAL'),('SIMH','SIMPAR'),('SQIA','SINQIA'),('SLCE','SLC AGRICOLA'),('SMFT','SMART FIT'),('SMLS','SMILES'),('SOND','SONDOTECNICA'),('SGPS','SPRINGS     '),('AHEB','SPTURIS     '),('STTR','STARA'),('STKF','STATKRAFT'),('STEN','STO ANTONIO'),('OPSE','SUDESTE S/A '),('OPTS','SUL 116 PART'),('SULA','SUL AMERICA '),('NEMO','SUZANO HOLD '),('SUZB','SUZANO S.A.'),('TAEE','TAESA       '),('TASA','TAURUS ARMAS'),('TECN','TECHNOS     '),('TCSA','TECNISA     '),('TCNO','TECNOSOLO   '),('TGMA','TEGMA       '),('TEGA','TEGRA INCORP'),('TEKA','TEKA        '),('TKNO','TEKNO       '),('TELB','TELEBRAS    '),('VIVT','TELEF BRASIL'),('TEND','TENDA'),('TEPE','TERM. PE III'),('TMPE','TERMOPE     '),('TESA','TERRA SANTA'),('TXRX','TEX RENAUX  '),('TIMS','TIM'),('SHOW','TIME FOR FUN'),('TOTS','TOTVS       '),('TFCO','TRACK FIELD'),('TRPL','TRAN PAULIST'),('LUXM','TREVISA     '),('TRIA','TRIANGULOSOL'),('TRIS','TRISUL      '),('TPIS','TRIUNFO PART'),('APCS','TRUESEC'),('TUPY','TUPY        '),('UGPA','ULTRAPAR    '),('UCAS','UNICASA'),('UNID','UNIDAS      '),('UNIP','UNIPAR      '),('UPKP','UPTICK      '),('USIM','USIMINAS    '),('VALE','VALE        '),('VLID','VALID       '),('VAMO','VAMOS'),('VERT','VERTCIASEC'),('VOES','VIAOESTE    '),('VVAR','VIAVAREJO'),('VIVA','VIVARA S.A.'),('VIVR','VIVER       '),('VULC','VULCABRAS   '),('WEGE','WEG         '),('WEST','WESTWING'),('MWET','WETZEL S/A  '),('WHRL','WHIRLPOOL   '),('WSON','WILSON SONS '),('WIZS','WIZ S.A.'),('WLMM','WLM IND COM '),('WTPI','WTORRE PIC  '),('YBRA','YBYRA S/A'),('YDUQ','YDUQS PART');
/*!40000 ALTER TABLE `empresa` ENABLE KEYS */;
UNLOCK TABLES;

--
-- Table structure for table `indice`
--

DROP TABLE IF EXISTS `indice`;
/*!40101 SET @saved_cs_client     = @@character_set_client */;
/*!50503 SET character_set_client = utf8mb4 */;
CREATE TABLE `indice` (
  `ind_sigla` varchar(15) NOT NULL,
  `ind_nome` varchar(55) NOT NULL,
  PRIMARY KEY (`ind_sigla`),
  UNIQUE KEY `uq_ind_nome` (`ind_nome`)
) ENGINE=InnoDB DEFAULT CHARSET=utf8mb4 COLLATE=utf8mb4_0900_ai_ci;
/*!40101 SET character_set_client = @saved_cs_client */;

--
-- Dumping data for table `indice`
--

LOCK TABLES `indice` WRITE;
/*!40000 ALTER TABLE `indice` DISABLE KEYS */;
INSERT INTO `indice` VALUES ('IFNC','Índice BM&FBOVESPA Financeiro'),('Ibovespa','Índice Bovespa'),('IBrX 100','Índice Brasil 100'),('IBrX 50','Índice Brasil 50'),('IBrA','Índice Brasil Amplo BM&FBOVESPA'),('ICO2','Índice Carbono Eficiente'),('IGC','Índice de Ações com Governança Corporativa Diferenciada'),('ITAG','Índice de Ações com Tag Along Diferenciado'),('ICON','Índice de Consumo'),('IEE','Índice de Energia Elétrica'),('IGC-NM','Índice de Governança Corporativa – Novo Mercado'),('IGCT','Índice de Governança Corporativa Trade'),('IMAT','Índice de Materiais Básicos BM&FBOVESPA'),('ISE','Índice de Sustentabilidade Empresarial'),('IDIV','Índice Dividendos BM&FBOVESPA'),('INDX','Índice do Setor Industrial'),('IMOB','Índice Imobiliário'),('MLCX','Índice MidLarge Cap'),('SMLL','Índice Small Cap'),('UTIL','Índice Utilidade Pública BM&FBOVESPA'),('IVBX 2','Índice Valor BM&FBOVESPA');
/*!40000 ALTER TABLE `indice` ENABLE KEYS */;
UNLOCK TABLES;

--
-- Table structure for table `listagem`
--

DROP TABLE IF EXISTS `listagem`;
/*!40101 SET @saved_cs_client     = @@character_set_client */;
/*!50503 SET character_set_client = utf8mb4 */;
CREATE TABLE `listagem` (
  `aco_codigo` varchar(8) NOT NULL,
  `ind_sigla` varchar(15) NOT NULL,
  `list_quantidade` bigint NOT NULL,
  `list_percentual` decimal(5,3) NOT NULL,
  PRIMARY KEY (`aco_codigo`,`ind_sigla`),
  KEY `fk_listagem_indice` (`ind_sigla`),
  CONSTRAINT `fk_listagem_acao` FOREIGN KEY (`aco_codigo`) REFERENCES `acao` (`aco_codigo`) ON DELETE CASCADE ON UPDATE CASCADE,
  CONSTRAINT `fk_listagem_indice` FOREIGN KEY (`ind_sigla`) REFERENCES `indice` (`ind_sigla`) ON DELETE CASCADE ON UPDATE CASCADE
) ENGINE=InnoDB DEFAULT CHARSET=utf8mb4 COLLATE=utf8mb4_0900_ai_ci;
/*!40101 SET character_set_client = @saved_cs_client */;

--
-- Dumping data for table `listagem`
--

LOCK TABLES `listagem` WRITE;
/*!40000 ALTER TABLE `listagem` DISABLE KEYS */;
INSERT INTO `listagem` VALUES ('AALR3','IBrA',46716473,0.019),('AALR3','ICON',46716473,0.073),('AALR3','IGC',93432946,0.023),('AALR3','IGC-NM',46716473,0.033),('AALR3','IGCT',46716473,0.020),('AALR3','ITAG',46716473,0.020),('AALR3','SMLL',46716473,0.150),('ABCB4','IBrA',70580422,0.038),('ABCB4','IDIV',143406221,0.664),('ABCB4','IFNC',70580422,0.200),('ABCB4','IGC',105870633,0.034),('ABCB4','IGCT',70580422,0.040),('ABCB4','ITAG',70580422,0.040),('ABCB4','SMLL',70580422,0.276),('ABEV3','Ibovespa',4358542894,3.243),('ABEV3','IBrA',4358542894,2.549),('ABEV3','IBrX 100',4358542894,2.766),('ABEV3','IBrX 50',4358542894,3.279),('ABEV3','ICO2',4787031176,4.948),('ABEV3','ICON',4358542894,9.894),('ABEV3','INDX',4358542894,15.257),('ABEV3','MLCX',4358542894,2.981),('AERI3','IBrA',218058827,0.074),('AERI3','IGC',436117654,0.089),('AERI3','IGC-NM',218058827,0.128),('AERI3','IGCT',218058827,0.079),('AERI3','INDX',218058827,0.446),('AERI3','ITAG',218058827,0.078),('AERI3','SMLL',218058827,0.563),('AESB3','IBrA',149647285,0.071),('AESB3','IEE',12600,5.221),('AESB3','IGC',299294570,0.086),('AESB3','IGC-NM',149647285,0.124),('AESB3','IGCT',149647285,0.076),('AESB3','ISE',149647285,0.317),('AESB3','ITAG',149647285,0.075),('AESB3','SMLL',149647285,0.533),('AESB3','UTIL',149647285,1.107),('AGRO3','IBrA',51771532,0.053),('AGRO3','ICON',51771532,0.206),('AGRO3','IDIV',105190073,0.947),('AGRO3','IGC',103543064,0.064),('AGRO3','IGC-NM',51771532,0.092),('AGRO3','IGCT',51771532,0.056),('AGRO3','ITAG',51771532,0.056),('AGRO3','SMLL',51771532,0.393),('ALLD3','IGC',57012558,0.044),('ALLD3','IGC-NM',28506279,0.063),('ALLD3','ITAG',28506279,0.038),('ALPA3','IGC',11390682,0.010),('ALPA4','IBrA',168770200,0.290),('ALPA4','IBrX 100',168770200,0.315),('ALPA4','ICON',168770200,1.126),('ALPA4','IGC',168770200,0.175),('ALPA4','IGCT',168770200,0.309),('ALPA4','INDX',168770200,1.716),('ALPA4','MLCX',168770200,0.335),('ALPK3','IGC',207421534,0.035),('ALPK3','IGC-NM',103710767,0.050),('ALPK3','ITAG',103710767,0.031),('ALSO3','IBrA',127376805,0.127),('ALSO3','IBrX 100',127376805,0.138),('ALSO3','IGC',254753610,0.153),('ALSO3','IGC-NM',127376805,0.219),('ALSO3','IGCT',127376805,0.135),('ALSO3','IMOB',127376805,6.786),('ALSO3','ITAG',127376805,0.133),('ALSO3','SMLL',127376805,0.917),('ALUP11','IBrA',178970157,0.162),('ALUP11','IEE',7300,5.740),('ALUP11','IGC',268455235,0.147),('ALUP11','IGCT',178970157,0.172),('ALUP11','ITAG',178970157,0.170),('ALUP11','SMLL',178970157,1.213),('ALUP11','UTIL',178970157,2.518),('AMAR3','IBrA',111476495,0.035),('AMAR3','IBrX 100',111476495,0.038),('AMAR3','ICON',111476495,0.137),('AMAR3','IGC',222952990,0.043),('AMAR3','IGC-NM',111476495,0.061),('AMAR3','IGCT',111476495,0.038),('AMAR3','ITAG',111476495,0.037),('AMAR3','SMLL',111476495,0.249),('AMBP3','IBrA',43733334,0.068),('AMBP3','IGC',87466668,0.082),('AMBP3','IGC-NM',43733334,0.118),('AMBP3','IGCT',43733334,0.073),('AMBP3','ITAG',43733334,0.072),('AMBP3','SMLL',43733334,0.512),('AMBP3','UTIL',43733334,1.063),('ANIM3','IBrA',288432555,0.136),('ANIM3','ICON',288432555,0.530),('ANIM3','IGC',576865110,0.165),('ANIM3','IGC-NM',288432555,0.236),('ANIM3','IGCT',288432555,0.145),('ANIM3','ITAG',288432555,0.143),('ANIM3','SMLL',288432555,1.025),('APER3','IGC',28817186,0.029),('APER3','IGC-NM',14408593,0.042),('APER3','ITAG',14408593,0.025),('ARZZ3','IBrA',45095471,0.146),('ARZZ3','ICON',45095471,0.567),('ARZZ3','IGC',90190942,0.176),('ARZZ3','IGC-NM',45095471,0.253),('ARZZ3','IGCT',45095471,0.156),('ARZZ3','ITAG',45095471,0.153),('ARZZ3','SMLL',45095471,1.080),('ASAI3','Ibovespa',88180251,0.333),('ASAI3','IBrA',156928631,0.465),('ASAI3','IBrX 100',156928631,0.505),('ASAI3','ICO2',265105535,1.389),('ASAI3','ICON',156928631,1.806),('ASAI3','IGC',313857262,0.561),('ASAI3','IGC-NM',156928631,0.806),('ASAI3','IGCT',156928631,0.495),('ASAI3','ISE',156928631,2.072),('ASAI3','ITAG',156928631,0.488),('ASAI3','MLCX',156928631,0.535),('AVLL3','IGC',9335900,0.005),('AVLL3','IGC-NM',4667950,0.007),('AVLL3','ITAG',4667950,0.004),('AZUL4','Ibovespa',327262616,0.626),('AZUL4','IBrA',327262616,0.492),('AZUL4','IBrX 100',327262616,0.534),('AZUL4','IBrX 50',327262616,0.633),('AZUL4','IGC',490893924,0.445),('AZUL4','IGCT',327262616,0.524),('AZUL4','ITAG',327262616,0.516),('AZUL4','IVBX 2',327262616,1.543),('AZUL4','SMLL',327262616,3.694),('B3SA3','Ibovespa',6119434194,4.487),('B3SA3','IBrA',6119434194,3.527),('B3SA3','IBrX 100',6119434194,3.826),('B3SA3','IBrX 50',6119434194,4.537),('B3SA3','ICO2',6650856822,6.773),('B3SA3','IFNC',5951134947,18.092),('B3SA3','IGC',12238868388,4.255),('B3SA3','IGC-NM',6119434194,6.108),('B3SA3','IGCT',6119434194,3.755),('B3SA3','ITAG',6119434194,3.700),('B3SA3','MLCX',6119434194,3.971),('BAHI3','ITAG',1379591,0.004),('BBAS3','Ibovespa',1283197221,1.797),('BBAS3','IBrA',1283197221,1.412),('BBAS3','IBrX 100',1283197221,1.533),('BBAS3','IBrX 50',1283197221,1.817),('BBAS3','ICO2',1596459172,3.106),('BBAS3','IDIV',265544030,2.569),('BBAS3','IFNC',1283197221,7.452),('BBAS3','IGC',2566394442,1.704),('BBAS3','IGC-NM',1283197221,2.446),('BBAS3','IGCT',1283197221,1.504),('BBAS3','ISE',296071354,1.452),('BBAS3','ITAG',1283197221,1.482),('BBAS3','MLCX',1283197221,1.622),('BBDC3','Ibovespa',1253093907,1.194),('BBDC3','IBrA',1253093907,0.938),('BBDC3','IBrX 100',1253093907,1.018),('BBDC3','ICO2',1695168382,2.244),('BBDC3','IFNC',1014549749,4.009),('BBDC3','IGC',1253093907,0.566),('BBDC3','IGCT',1253093907,0.999),('BBDC3','ISE',289125633,0.964),('BBDC3','ITAG',1253093907,0.985),('BBDC3','MLCX',1253093907,1.078),('BBDC4','Ibovespa',4261649634,4.780),('BBDC4','IBrA',4261649634,3.757),('BBDC4','IBrX 100',4261649634,4.076),('BBDC4','IBrX 50',4261649634,4.833),('BBDC4','ICO2',4649563200,7.243),('BBDC4','IFNC',3450384318,16.046),('BBDC4','IGC',4261649634,2.266),('BBDC4','IGCT',4261649634,4.001),('BBDC4','ISE',983287959,3.861),('BBDC4','ITAG',4261649634,3.941),('BBDC4','MLCX',4261649634,4.303),('BBRK3','IGC',155468896,0.009),('BBRK3','IGC-NM',77734448,0.012),('BBRK3','ITAG',77734448,0.008),('BBSE3','Ibovespa',671584841,0.676),('BBSE3','IBrA',671584841,0.531),('BBSE3','IBrX 100',671584841,0.577),('BBSE3','IBrX 50',671584841,0.684),('BBSE3','IDIV',666221628,4.710),('BBSE3','IFNC',671584841,2.804),('BBSE3','IGC',1343169682,0.641),('BBSE3','IGC-NM',671584841,0.920),('BBSE3','IGCT',671584841,0.566),('BBSE3','ITAG',671584841,0.558),('BBSE3','IVBX 2',671584841,1.673),('BBSE3','MLCX',671584841,0.620),('BEEF3','Ibovespa',240482896,0.098),('BEEF3','IBrA',240482896,0.077),('BEEF3','IBrX 100',240482896,0.084),('BEEF3','ICO2',980513229,0.556),('BEEF3','ICON',240482896,0.299),('BEEF3','IGC',480965792,0.093),('BEEF3','IGC-NM',240482896,0.134),('BEEF3','IGCT',240482896,0.082),('BEEF3','INDX',240482896,0.457),('BEEF3','ISE',240482896,0.344),('BEEF3','ITAG',240482896,0.081),('BEEF3','IVBX 2',240482896,0.241),('BEEF3','SMLL',240482896,0.576),('BGIP4','ITAG',1063111,0.001),('BIDI11','Ibovespa',235350939,0.798),('BIDI11','IBrA',453631743,1.209),('BIDI11','IBrX 100',453631743,1.312),('BIDI11','ICO2',581517306,2.739),('BIDI11','IFNC',453631743,6.378),('BIDI11','IGC',680447614,1.094),('BIDI11','IGCT',453631743,1.287),('BIDI11','ITAG',453631743,1.268),('BIDI11','MLCX',453631743,1.397),('BIDI4','IBrA',100239024,0.090),('BIDI4','IBrX 100',100239024,0.097),('BIDI4','ICO2',474669156,0.752),('BIDI4','IFNC',100239024,0.474),('BIDI4','IGC',150358536,0.081),('BIDI4','IGCT',100239024,0.096),('BIDI4','ITAG',100239024,0.094),('BIDI4','MLCX',100239024,0.103),('BIOM3','ITAG',19799632,0.011),('BKBR3','IBrA',272245759,0.111),('BKBR3','ICON',272245759,0.432),('BKBR3','IGC',544491518,0.134),('BKBR3','IGC-NM',272245759,0.193),('BKBR3','IGCT',272245759,0.118),('BKBR3','ITAG',272245759,0.117),('BKBR3','SMLL',272245759,0.830),('BLAU3','IGC',350598156,0.361),('BLAU3','IGC-NM',175299078,0.518),('BLAU3','ITAG',175299078,0.314),('BMEB3','IGC',10948799,0.005),('BMEB4','IGC',14333243,0.006),('BMGB4','IBrA',99052274,0.016),('BMGB4','IFNC',99052274,0.086),('BMGB4','IGC',99052274,0.010),('BMGB4','IGCT',99052274,0.018),('BMGB4','ITAG',99052274,0.017),('BMGB4','SMLL',99052274,0.119),('BMOB3','IGC',176180636,0.085),('BMOB3','IGC-NM',88090318,0.123),('BMOB3','ITAG',88090318,0.074),('BOAS3','IGC',1045785604,0.238),('BOAS3','IGC-NM',522892802,0.341),('BOAS3','ITAG',522892802,0.207),('BPAC11','Ibovespa',1041983176,1.386),('BPAC11','IBrA',1041983176,1.090),('BPAC11','IBrX 100',1041983176,1.182),('BPAC11','IBrX 50',1041983176,1.401),('BPAC11','ICO2',1432907096,2.647),('BPAC11','IFNC',1041983176,5.747),('BPAC11','IGC',1562974764,0.986),('BPAC11','IGCT',1041983176,1.160),('BPAC11','ISE',240416172,1.119),('BPAC11','ITAG',1041983176,1.143),('BPAC11','MLCX',1041983176,1.249),('BPAN4','IBrA',341124068,0.281),('BPAN4','IBrX 100',341124068,0.305),('BPAN4','IFNC',341124068,1.484),('BPAN4','IGC',341124068,0.170),('BPAN4','IGCT',341124068,0.299),('BPAN4','ITAG',341124068,0.295),('BPAN4','SMLL',341124068,2.018),('BRAP3','IGC',26906369,0.036),('BRAP3','ITAG',26906369,0.062),('BRAP4','Ibovespa',222604507,0.722),('BRAP4','IBrA',222604507,0.567),('BRAP4','IBrX 100',222604507,0.615),('BRAP4','IDIV',139111884,3.138),('BRAP4','IGC',222604507,0.342),('BRAP4','IGCT',222604507,0.604),('BRAP4','IMAT',222604507,6.850),('BRAP4','ITAG',222604507,0.595),('BRAP4','IVBX 2',222604507,1.769),('BRAP4','MLCX',222604507,0.656),('BRBI11','IGC',34125000,0.015),('BRDT3','Ibovespa',1164958126,1.355),('BRDT3','IBrA',1164958126,1.065),('BRDT3','IBrX 100',1164958126,1.155),('BRDT3','IBrX 50',1164958126,1.370),('BRDT3','ICO2',1562987926,2.525),('BRDT3','IDIV',903149549,7.861),('BRDT3','IGC',2329916252,1.285),('BRDT3','IGC-NM',1164958126,1.844),('BRDT3','IGCT',1164958126,1.134),('BRDT3','ISE',432307932,1.760),('BRDT3','ITAG',1164958126,1.117),('BRDT3','IVBX 2',1164958126,3.573),('BRDT3','MLCX',1164958126,1.325),('BRFS3','Ibovespa',811759800,0.967),('BRFS3','IBrA',811759800,0.760),('BRFS3','IBrX 100',811759800,0.825),('BRFS3','IBrX 50',811759800,0.978),('BRFS3','ICO2',701989943,1.162),('BRFS3','ICON',811759800,2.950),('BRFS3','IGC',1623519600,0.917),('BRFS3','IGC-NM',811759800,1.316),('BRFS3','IGCT',811759800,0.809),('BRFS3','INDX',811759800,4.467),('BRFS3','ISE',811759800,3.385),('BRFS3','ITAG',811759800,0.797),('BRFS3','IVBX 2',811759800,2.354),('BRFS3','MLCX',811759800,0.873),('BRKM3','IGC',12907077,0.016),('BRKM3','ITAG',12907077,0.027),('BRKM5','Ibovespa',264640575,0.687),('BRKM5','IBrA',264640575,0.540),('BRKM5','IBrX 100',264640575,0.586),('BRKM5','ICO2',138586385,0.500),('BRKM5','IGC',264640575,0.326),('BRKM5','IGCT',264640575,0.575),('BRKM5','IMAT',264640575,6.410),('BRKM5','INDX',264640575,3.143),('BRKM5','ITAG',264640575,0.566),('BRKM5','MLCX',264640575,0.614),('BRML3','Ibovespa',843728684,0.373),('BRML3','IBrA',843728684,0.294),('BRML3','IBrX 100',843728684,0.318),('BRML3','IBrX 50',843728684,0.377),('BRML3','ICO2',829351173,0.509),('BRML3','IGC',1687457368,0.354),('BRML3','IGC-NM',843728684,0.508),('BRML3','IGCT',843728684,0.313),('BRML3','IMOB',843728684,15.897),('BRML3','ITAG',843728684,0.307),('BRML3','IVBX 2',843728684,0.897),('BRML3','SMLL',843728684,2.149),('BRPR3','IBrA',198812616,0.062),('BRPR3','IGC',397625232,0.075),('BRPR3','IGC-NM',198812616,0.108),('BRPR3','IGCT',198812616,0.067),('BRPR3','IMOB',198812616,3.399),('BRPR3','ITAG',198812616,0.066),('BRPR3','SMLL',198812616,0.459),('BRSR3','IGC',3839426,0.001),('BRSR3','ITAG',3839426,0.002),('BRSR6','IBrA',202531540,0.092),('BRSR6','IDIV',411506222,1.629),('BRSR6','IFNC',202531540,0.485),('BRSR6','IGC',202531540,0.056),('BRSR6','IGCT',202531540,0.098),('BRSR6','ITAG',202531540,0.097),('BRSR6','SMLL',202531540,0.677),('BTOW3','Ibovespa',201802882,0.583),('BTOW3','IBrA',201802882,0.458),('BTOW3','IBrX 100',201802882,0.497),('BTOW3','IBrX 50',201802882,0.589),('BTOW3','ICO2',346346521,1.389),('BTOW3','ICON',201802882,1.778),('BTOW3','IGC',403605764,0.553),('BTOW3','IGC-NM',201802882,0.793),('BTOW3','IGCT',201802882,0.488),('BTOW3','ISE',201802882,2.041),('BTOW3','ITAG',201802882,0.481),('BTOW3','IVBX 2',201802882,1.418),('BTOW3','MLCX',201802882,0.526),('CAML3','IBrA',116264997,0.038),('CAML3','ICON',116264997,0.147),('CAML3','IGC',232529994,0.046),('CAML3','IGC-NM',116264997,0.066),('CAML3','IGCT',116264997,0.040),('CAML3','INDX',116264997,0.225),('CAML3','ITAG',116264997,0.040),('CAML3','SMLL',116264997,0.284),('CARD3','IGC',36435542,0.017),('CARD3','IGC-NM',18217771,0.025),('CARD3','ITAG',18217771,0.015),('CASH3','IBrA',74543311,0.126),('CASH3','IGC',149086622,0.152),('CASH3','IGC-NM',74543311,0.218),('CASH3','IGCT',74543311,0.134),('CASH3','ITAG',74543311,0.132),('CASH3','SMLL',74543311,0.912),('CCPR3','IGC',118773972,0.029),('CCPR3','IGC-NM',59386986,0.042),('CCPR3','ITAG',59386986,0.025),('CCRO3','Ibovespa',1115693556,0.654),('CCRO3','IBrA',1115693556,0.514),('CCRO3','IBrX 100',1115693556,0.558),('CCRO3','ICO2',1770793466,1.442),('CCRO3','IDIV',579476887,2.386),('CCRO3','IGC',2231387112,0.620),('CCRO3','IGC-NM',1115693556,0.890),('CCRO3','IGCT',1115693556,0.547),('CCRO3','ISE',1115693556,2.290),('CCRO3','ITAG',1115693556,0.539),('CCRO3','IVBX 2',1115693556,1.619),('CCRO3','MLCX',1115693556,0.600),('CEAB3','IBrA',106394635,0.052),('CEAB3','ICON',106394635,0.203),('CEAB3','IGC',212789270,0.063),('CEAB3','IGC-NM',106394635,0.091),('CEAB3','IGCT',106394635,0.056),('CEAB3','ITAG',106394635,0.055),('CEAB3','SMLL',106394635,0.381),('CEDO3','IGC',2019831,0.000),('CEDO4','IGC',3456367,0.001),('CEDO4','ITAG',3456367,0.001),('CESP3','IGC',7076043,0.004),('CESP5','IGC',7386322,0.006),('CESP6','IBrA',182017689,0.149),('CESP6','IBrX 100',182017689,0.162),('CESP6','IDIV',369825912,2.690),('CESP6','IEE',7500,5.352),('CESP6','IGC',182017689,0.090),('CESP6','IGCT',182017689,0.159),('CESP6','ITAG',182017689,0.157),('CESP6','SMLL',182017689,1.117),('CESP6','UTIL',182017689,2.319),('CGRA3','ITAG',2634233,0.003),('CGRA4','ITAG',9064749,0.011),('CIEL3','Ibovespa',1112196638,0.176),('CIEL3','IBrA',1112196638,0.139),('CIEL3','IBrX 100',1112196638,0.150),('CIEL3','IBrX 50',1112196638,0.178),('CIEL3','ICO2',935008692,0.206),('CIEL3','IFNC',1112196638,0.732),('CIEL3','IGC',2224393276,0.167),('CIEL3','IGC-NM',1112196638,0.240),('CIEL3','IGCT',1112196638,0.148),('CIEL3','ISE',1112196638,0.618),('CIEL3','ITAG',1112196638,0.146),('CIEL3','IVBX 2',1112196638,0.431),('CIEL3','SMLL',1112196638,1.031),('CLSC4','IGC',34215223,0.048),('CLSC4','ITAG',22810149,0.056),('CMIG3','IBrA',266451715,0.133),('CMIG3','IDIV',541380066,2.354),('CMIG3','IGC',266451715,0.080),('CMIG3','IGCT',266451715,0.142),('CMIG3','ISE',266451715,0.593),('CMIG3','MLCX',266451715,0.151),('CMIG3','UTIL',266451715,2.031),('CMIG4','Ibovespa',1081211185,0.572),('CMIG4','IBrA',1081211185,0.449),('CMIG4','IBrX 100',1081211185,0.488),('CMIG4','IBrX 50',1081211185,0.578),('CMIG4','ICO2',1564345209,1.149),('CMIG4','IDIV',744527240,2.694),('CMIG4','IEE',13400,4.845),('CMIG4','IGC',1081211185,0.271),('CMIG4','IGCT',1081211185,0.478),('CMIG4','ISE',1081211185,2.001),('CMIG4','IVBX 2',1081211185,1.379),('CMIG4','MLCX',1081211185,0.511),('CMIG4','UTIL',1081211185,6.854),('CMIN3','IGC',1800165217,0.341),('CMIN3','ITAG',1200110145,0.395),('COCE5','IEE',3400,6.182),('COGN3','Ibovespa',1847994874,0.349),('COGN3','IBrA',1847994874,0.274),('COGN3','IBrX 100',1847994874,0.297),('COGN3','IBrX 50',1847994874,0.353),('COGN3','ICON',1847994874,1.065),('COGN3','IGC',3695989748,0.331),('COGN3','IGC-NM',1847994874,0.475),('COGN3','IGCT',1847994874,0.292),('COGN3','ITAG',1847994874,0.288),('COGN3','IVBX 2',1847994874,0.844),('COGN3','SMLL',1847994874,2.021),('CPFE3','Ibovespa',187714249,0.220),('CPFE3','IBrA',187714249,0.173),('CPFE3','IBrX 100',187714249,0.188),('CPFE3','ICO2',413538085,0.674),('CPFE3','IEE',6300,5.054),('CPFE3','IGC',375428498,0.209),('CPFE3','IGC-NM',187714249,0.300),('CPFE3','IGCT',187714249,0.184),('CPFE3','ISE',187714249,0.771),('CPFE3','ITAG',187714249,0.182),('CPFE3','MLCX',187714249,0.198),('CPFE3','UTIL',187714249,2.658),('CPLE3','IBrA',71640156,0.014),('CPLE3','IDIV',145559402,0.247),('CPLE3','IGC',71640156,0.008),('CPLE3','IGCT',71640156,0.015),('CPLE3','ISE',71640156,0.061),('CPLE3','MLCX',71640156,0.016),('CPLE3','UTIL',71640156,0.213),('CPLE6','Ibovespa',570829074,0.148),('CPLE6','IBrA',570829074,0.116),('CPLE6','IBrX 100',570829074,0.126),('CPLE6','ICO2',1696102848,0.609),('CPLE6','IDIV',1159817951,2.093),('CPLE6','IEE',29700,5.250),('CPLE6','IGC',570829074,0.070),('CPLE6','IGCT',570829074,0.123),('CPLE6','ISE',570829074,0.517),('CPLE6','MLCX',570829074,0.135),('CPLE6','UTIL',570829074,1.805),('CRDE3','ITAG',2380679,0.002),('CRFB3','Ibovespa',391758726,0.359),('CRFB3','IBrA',391758726,0.282),('CRFB3','IBrX 100',391758726,0.306),('CRFB3','ICON',391758726,1.094),('CRFB3','IGC',783517452,0.340),('CRFB3','IGC-NM',391758726,0.488),('CRFB3','IGCT',391758726,0.301),('CRFB3','ITAG',391758726,0.296),('CRFB3','IVBX 2',391758726,0.878),('CRFB3','MLCX',391758726,0.326),('CSAN3','Ibovespa',1169237744,1.221),('CSAN3','IBrA',1169237744,0.960),('CSAN3','IBrX 100',1169237744,1.041),('CSAN3','IBrX 50',1169237744,1.235),('CSAN3','ICO2',1575378836,2.285),('CSAN3','IGC',2338475488,1.158),('CSAN3','IGC-NM',1169237744,1.662),('CSAN3','IGCT',1169237744,1.022),('CSAN3','ISE',433896068,1.586),('CSAN3','ITAG',1169237744,1.007),('CSAN3','IVBX 2',1169237744,3.014),('CSAN3','MLCX',1169237744,1.118),('CSED3','IGC',155510400,0.049),('CSED3','IGC-NM',77755200,0.071),('CSED3','ITAG',77755200,0.043),('CSMG3','IBrA',188444559,0.100),('CSMG3','IDIV',382884110,1.737),('CSMG3','IGC',376889118,0.121),('CSMG3','IGC-NM',188444559,0.173),('CSMG3','IGCT',188444559,0.107),('CSMG3','ITAG',188444559,0.105),('CSMG3','SMLL',188444559,0.721),('CSMG3','UTIL',188444559,1.498),('CSNA3','Ibovespa',642398790,1.232),('CSNA3','IBrA',642398790,0.968),('CSNA3','IBrX 100',642398790,1.051),('CSNA3','IBrX 50',642398790,1.246),('CSNA3','IDIV',257096472,3.398),('CSNA3','IMAT',642398790,11.581),('CSNA3','INDX',642398790,5.678),('CSNA3','IVBX 2',642398790,2.992),('CSNA3','MLCX',642398790,1.109),('CTNM4','ITAG',14560262,0.003),('CURY3','IBrA',104545454,0.037),('CURY3','ICON',104545454,0.142),('CURY3','IGC',209090908,0.044),('CURY3','IGC-NM',104545454,0.064),('CURY3','IGCT',104545454,0.039),('CURY3','IMOB',104545454,1.998),('CURY3','ITAG',104545454,0.038),('CVCB3','Ibovespa',225955651,0.273),('CVCB3','IBrA',225955651,0.215),('CVCB3','IBrX 100',225955651,0.233),('CVCB3','ICON',225955651,0.833),('CVCB3','IGC',451911302,0.259),('CVCB3','IGC-NM',225955651,0.371),('CVCB3','IGCT',225955651,0.229),('CVCB3','ITAG',225955651,0.225),('CVCB3','IVBX 2',225955651,0.653),('CVCB3','SMLL',225955651,1.563),('CXSE3','IGC',900000000,0.243),('CXSE3','IGC-NM',450000000,0.349),('CXSE3','ITAG',450000000,0.211),('CYRE3','Ibovespa',281154098,0.286),('CYRE3','IBrA',281154098,0.225),('CYRE3','IBrX 100',281154098,0.244),('CYRE3','IBrX 50',281154098,0.289),('CYRE3','ICON',281154098,0.873),('CYRE3','IDIV',571252560,3.957),('CYRE3','IGC',562308196,0.272),('CYRE3','IGC-NM',281154098,0.389),('CYRE3','IGCT',281154098,0.239),('CYRE3','IMOB',281154098,12.154),('CYRE3','INDX',281154098,1.302),('CYRE3','ITAG',281154098,0.236),('CYRE3','IVBX 2',281154098,0.686),('CYRE3','SMLL',281154098,1.643),('DASA3','IGC',102570802,0.131),('DASA3','IGC-NM',51285401,0.188),('DASA3','ITAG',51285401,0.114),('DIRR3','IBrA',81360368,0.039),('DIRR3','ICON',81360368,0.151),('DIRR3','IDIV',165309055,0.692),('DIRR3','IGC',162720736,0.047),('DIRR3','IGC-NM',81360368,0.068),('DIRR3','IGCT',81360368,0.042),('DIRR3','IMOB',81360368,2.125),('DIRR3','INDX',81360368,0.228),('DIRR3','ITAG',81360368,0.041),('DIRR3','SMLL',81360368,0.287),('DMVF3','IGC',47072410,0.009),('DMVF3','IGC-NM',23536205,0.013),('DMVF3','ITAG',23536205,0.008),('DOTZ3','IGC',67449304,0.019),('DOTZ3','IGC-NM',33724652,0.028),('DOTZ3','ITAG',33724652,0.017),('DTEX3','IBrA',273813447,0.223),('DTEX3','IBrX 100',273813447,0.242),('DTEX3','ICO2',273813447,0.395),('DTEX3','IGC',547626894,0.269),('DTEX3','IGC-NM',273813447,0.387),('DTEX3','IGCT',273813447,0.238),('DTEX3','IMAT',273813447,2.589),('DTEX3','INDX',273813447,1.269),('DTEX3','ISE',273813447,0.994),('DTEX3','ITAG',273813447,0.234),('DTEX3','SMLL',273813447,1.602),('ECOR3','Ibovespa',172602770,0.090),('ECOR3','IBrA',172602770,0.070),('ECOR3','IBrX 100',172602770,0.076),('ECOR3','ICO2',853978625,0.613),('ECOR3','IGC',345205540,0.085),('ECOR3','IGC-NM',172602770,0.121),('ECOR3','IGCT',172602770,0.075),('ECOR3','ISE',172602770,0.312),('ECOR3','ITAG',172602770,0.074),('ECOR3','SMLL',172602770,0.525),('EGIE3','Ibovespa',254792279,0.435),('EGIE3','IBrA',254792279,0.342),('EGIE3','IBrX 100',254792279,0.371),('EGIE3','ICO2',62620072,0.148),('EGIE3','IDIV',174847379,2.081),('EGIE3','IEE',4700,5.485),('EGIE3','IGC',509584558,0.412),('EGIE3','IGC-NM',254792279,0.592),('EGIE3','IGCT',254792279,0.364),('EGIE3','ISE',254792279,1.522),('EGIE3','ITAG',254792279,0.359),('EGIE3','MLCX',254792279,0.396),('EGIE3','UTIL',254792279,5.313),('ELET3','Ibovespa',358018408,0.674),('ELET3','IBrA',358018408,0.529),('ELET3','IBrX 100',358018408,0.575),('ELET3','IBrX 50',358018408,0.681),('ELET3','ICO2',260088452,0.680),('ELET3','IEE',5200,6.692),('ELET3','IGC',358018408,0.319),('ELET3','IGCT',358018408,0.563),('ELET3','ISE',358018408,2.358),('ELET3','IVBX 2',358018408,1.667),('ELET3','MLCX',358018408,0.618),('ELET3','UTIL',358018408,8.288),('ELET6','Ibovespa',242977127,0.458),('ELET6','IBrA',242977127,0.360),('ELET6','IBrX 100',242977127,0.391),('ELET6','ICO2',176514792,0.462),('ELET6','IGC',242977127,0.218),('ELET6','IGCT',242977127,0.384),('ELET6','ISE',242977127,1.605),('ELET6','MLCX',242977127,0.418),('ELET6','UTIL',242977127,5.608),('ELMD3','IGC',101818400,0.038),('ELMD3','IGC-NM',50909200,0.054),('ELMD3','ITAG',50909200,0.033),('EMBR3','Ibovespa',736143105,0.606),('EMBR3','IBrA',736143105,0.476),('EMBR3','IBrX 100',736143105,0.516),('EMBR3','IBrX 50',736143105,0.612),('EMBR3','IGC',1472286210,0.574),('EMBR3','IGC-NM',736143105,0.824),('EMBR3','IGCT',736143105,0.507),('EMBR3','INDX',736143105,2.808),('EMBR3','ITAG',736143105,0.499),('EMBR3','IVBX 2',736143105,1.479),('EMBR3','SMLL',736143105,3.542),('ENAT3','IBrA',75939767,0.047),('ENAT3','IGC',151879534,0.057),('ENAT3','IGC-NM',75939767,0.081),('ENAT3','IGCT',75939767,0.050),('ENAT3','ITAG',75939767,0.049),('ENAT3','SMLL',75939767,0.365),('ENBR3','Ibovespa',231489471,0.178),('ENBR3','IBrA',231489471,0.140),('ENBR3','IBrX 100',231489471,0.152),('ENBR3','ICO2',127000991,0.136),('ENBR3','IDIV',470343323,2.515),('ENBR3','IEE',10100,5.323),('ENBR3','IGC',462978942,0.169),('ENBR3','IGC-NM',231489471,0.243),('ENBR3','IGCT',231489471,0.149),('ENBR3','ISE',231489471,0.625),('ENBR3','ITAG',231489471,0.147),('ENBR3','SMLL',231489471,1.044),('ENBR3','UTIL',231489471,2.168),('ENEV3','Ibovespa',1248545726,0.924),('ENEV3','IBrA',1258511620,0.732),('ENEV3','IBrX 100',1258511620,0.794),('ENEV3','IEE',12400,6.276),('ENEV3','IGC',2517023240,0.883),('ENEV3','IGC-NM',1258511620,1.268),('ENEV3','IGCT',1258511620,0.780),('ENEV3','ITAG',1258511620,0.768),('ENEV3','MLCX',1258511620,0.844),('ENEV3','UTIL',1258511620,11.319),('ENGI11','Ibovespa',250679709,0.509),('ENGI11','IBrA',250679709,0.400),('ENGI11','IBrX 100',250679709,0.434),('ENGI11','IEE',4200,5.834),('ENGI11','IGC',376019563,0.362),('ENGI11','IGCT',250679709,0.426),('ENGI11','ITAG',250679709,0.420),('ENGI11','MLCX',250679709,0.454),('ENGI11','UTIL',250679709,6.084),('ENJU3','IBrA',167521497,0.059),('ENJU3','IGC',335042994,0.071),('ENJU3','IGC-NM',167521497,0.102),('ENJU3','IGCT',167521497,0.063),('ENJU3','ITAG',167521497,0.062),('ENJU3','SMLL',167521497,0.446),('EQTL3','Ibovespa',1010286085,1.092),('EQTL3','IBrA',1010286085,0.858),('EQTL3','IBrX 100',1010286085,0.931),('EQTL3','IBrX 50',1010286085,1.105),('EQTL3','IEE',7400,5.470),('EQTL3','IGC',2020572170,1.036),('EQTL3','IGC-NM',1010286085,1.487),('EQTL3','IGCT',1010286085,0.914),('EQTL3','ITAG',1010286085,0.901),('EQTL3','IVBX 2',1010286085,2.627),('EQTL3','MLCX',1010286085,0.974),('EQTL3','UTIL',1010286085,13.062),('ESPA3','IGC',323104714,0.127),('ESPA3','IGC-NM',161552357,0.182),('ESPA3','ITAG',161552357,0.110),('EUCA3','IGC',12765018,0.006),('EUCA4','IGC',56114621,0.011),('EVEN3','IBrA',209535948,0.075),('EVEN3','ICON',209535948,0.291),('EVEN3','IGC',419071896,0.091),('EVEN3','IGC-NM',209535948,0.130),('EVEN3','IGCT',209535948,0.080),('EVEN3','IMOB',209535948,4.036),('EVEN3','INDX',209535948,0.432),('EVEN3','ITAG',209535948,0.079),('EVEN3','SMLL',209535948,0.546),('EZTC3','Ibovespa',95756217,0.130),('EZTC3','IBrA',95756217,0.103),('EZTC3','IBrX 100',95756217,0.111),('EZTC3','ICON',95756217,0.396),('EZTC3','IGC',191512434,0.123),('EZTC3','IGC-NM',95756217,0.177),('EZTC3','IGCT',95756217,0.108),('EZTC3','IMOB',95756217,5.547),('EZTC3','INDX',95756217,0.594),('EZTC3','ITAG',95756217,0.107),('EZTC3','SMLL',95756217,0.750),('FESA4','IBrA',40145300,0.061),('FESA4','IDIV',81567743,1.081),('FESA4','IGC',40145300,0.037),('FESA4','IGCT',40145300,0.065),('FESA4','IMAT',40145300,0.726),('FESA4','SMLL',40145300,0.449),('FLRY3','Ibovespa',303800430,0.343),('FLRY3','IBrA',303800430,0.270),('FLRY3','IBrX 100',303800430,0.293),('FLRY3','ICO2',660040172,1.036),('FLRY3','ICON',303800430,1.047),('FLRY3','IGC',607600860,0.326),('FLRY3','IGC-NM',303800430,0.467),('FLRY3','IGCT',303800430,0.287),('FLRY3','ISE',303800430,1.202),('FLRY3','ITAG',303800430,0.283),('FLRY3','SMLL',303800430,1.986),('FRAS3','IGC',102669124,0.027),('GEPA4','ITAG',3300250,0.004),('GFSA3','IBrA',118208091,0.018),('GFSA3','ICON',118208091,0.070),('GFSA3','IGC',236416182,0.022),('GFSA3','IGC-NM',118208091,0.031),('GFSA3','IGCT',118208091,0.019),('GFSA3','IMOB',118208091,0.986),('GFSA3','INDX',118208091,0.106),('GFSA3','ITAG',118208091,0.019),('GFSA3','SMLL',118208091,0.133),('GGBR3','IGC',14031044,0.007),('GGBR3','ITAG',14031044,0.013),('GGBR4','Ibovespa',995903643,1.286),('GGBR4','IBrA',995903643,1.010),('GGBR4','IBrX 100',995903643,1.096),('GGBR4','IBrX 50',995903643,1.300),('GGBR4','ICO2',391531361,0.702),('GGBR4','IGC',995903643,0.610),('GGBR4','IGCT',995903643,1.076),('GGBR4','IMAT',995903643,11.968),('GGBR4','INDX',995903643,5.868),('GGBR4','ITAG',995903643,1.060),('GGBR4','IVBX 2',995903643,3.092),('GGBR4','MLCX',995903643,1.146),('GGPS3','IGC',1334981580,0.475),('GGPS3','IGC-NM',667490790,0.682),('GGPS3','ITAG',667490790,0.413),('GMAT3','IBrA',463952163,0.126),('GMAT3','ICON',463952163,0.489),('GMAT3','IGC',927904326,0.152),('GMAT3','IGC-NM',463952163,0.218),('GMAT3','IGCT',463952163,0.134),('GMAT3','ITAG',463952163,0.132),('GMAT3','MLCX',463952163,0.144),('GNDI3','Ibovespa',593438080,2.197),('GNDI3','IBrA',593438080,1.727),('GNDI3','IBrX 100',593438080,1.874),('GNDI3','IBrX 50',593438080,2.221),('GNDI3','ICON',593438080,6.702),('GNDI3','IGC',1186876160,2.083),('GNDI3','IGC-NM',593438080,2.990),('GNDI3','IGCT',593438080,1.839),('GNDI3','ITAG',593438080,1.812),('GNDI3','IVBX 2',593438080,5.317),('GNDI3','MLCX',593438080,1.972),('GOAU3','IGC',90953948,0.024),('GOAU3','ITAG',90953948,0.042),('GOAU4','Ibovespa',693699918,0.418),('GOAU4','IBrA',693699918,0.329),('GOAU4','IBrX 100',693699918,0.357),('GOAU4','IBrX 50',693699918,0.423),('GOAU4','IGC',693699918,0.198),('GOAU4','IGCT',693699918,0.350),('GOAU4','IMAT',693699918,3.925),('GOAU4','INDX',693699918,1.924),('GOAU4','ITAG',693699918,0.345),('GOAU4','IVBX 2',693699918,1.014),('GOAU4','SMLL',693699918,2.428),('GOLL4','Ibovespa',178123292,0.178),('GOLL4','IBrA',178123292,0.140),('GOLL4','IBrX 100',178123292,0.152),('GOLL4','IBrX 50',178123292,0.180),('GOLL4','ICO2',69968355,0.097),('GOLL4','IGC',267184398,0.127),('GOLL4','IGCT',178123292,0.149),('GOLL4','ITAG',178123292,0.147),('GOLL4','IVBX 2',178123292,0.434),('GOLL4','SMLL',178123292,1.040),('GRND3','IBrA',268371180,0.092),('GRND3','ICON',268371180,0.358),('GRND3','IDIV',545280061,1.648),('GRND3','IGC',536742360,0.111),('GRND3','IGC-NM',268371180,0.160),('GRND3','IGCT',268371180,0.098),('GRND3','INDX',268371180,0.542),('GRND3','ITAG',268371180,0.097),('GRND3','SMLL',268371180,0.684),('GSHP3','IGC',3750502,0.003),('GSHP3','IGC-NM',1875251,0.004),('GSHP3','ITAG',1875251,0.003),('GUAR3','IBrA',81944760,0.058),('GUAR3','ICON',81944760,0.227),('GUAR3','SMLL',81944760,0.429),('HAPV3','Ibovespa',1265256490,0.850),('HAPV3','IBrA',1265256490,0.668),('HAPV3','IBrX 100',1265256490,0.725),('HAPV3','IBrX 50',1265256490,0.859),('HAPV3','ICON',1265256490,2.593),('HAPV3','IGC',2530512980,0.806),('HAPV3','IGC-NM',1265256490,1.157),('HAPV3','IGCT',1265256490,0.711),('HAPV3','ITAG',1265256490,0.701),('HAPV3','IVBX 2',1265256490,2.034),('HAPV3','MLCX',1265256490,0.754),('HBOR3','IBrA',65261522,0.019),('HBOR3','ICON',65261522,0.073),('HBOR3','IGC',130523044,0.023),('HBOR3','IGC-NM',65261522,0.033),('HBOR3','IGCT',65261522,0.020),('HBOR3','IMOB',65261522,1.010),('HBOR3','INDX',65261522,0.108),('HBOR3','ITAG',65261522,0.020),('HBOR3','SMLL',65261522,0.137),('HBRE3','IGC',49080000,0.018),('HBRE3','IGC-NM',24540000,0.026),('HBRE3','ITAG',24540000,0.016),('HBSA3','IBrA',325623566,0.072),('HBSA3','IGC',651247132,0.087),('HBSA3','IGC-NM',325623566,0.124),('HBSA3','IGCT',325623566,0.077),('HBSA3','ITAG',325623566,0.075),('HBSA3','SMLL',325623566,0.540),('HGTX3','Ibovespa',126186408,0.188),('HGTX3','IBrA',126186408,0.148),('HGTX3','IBrX 100',126186408,0.160),('HGTX3','ICON',126186408,0.574),('HGTX3','IGC',252372816,0.178),('HGTX3','IGC-NM',126186408,0.256),('HGTX3','IGCT',126186408,0.157),('HGTX3','INDX',126186408,0.870),('HGTX3','ITAG',126186408,0.155),('HGTX3','SMLL',126186408,1.097),('HYPE3','Ibovespa',410147968,0.616),('HYPE3','IBrA',410147968,0.484),('HYPE3','IBrX 100',410147968,0.526),('HYPE3','ICO2',236275693,0.493),('HYPE3','ICON',410147968,1.880),('HYPE3','IGC',820295936,0.584),('HYPE3','IGC-NM',410147968,0.839),('HYPE3','IGCT',410147968,0.516),('HYPE3','ITAG',410147968,0.508),('HYPE3','IVBX 2',410147968,1.498),('HYPE3','MLCX',410147968,0.556),('IFCM3','IGC',462417690,0.228),('IFCM3','IGC-NM',231208845,0.326),('IFCM3','ITAG',231208845,0.198),('IGTA3','Ibovespa',85796919,0.151),('IGTA3','IBrA',85796919,0.119),('IGTA3','IBrX 100',85796919,0.129),('IGTA3','IGC',171593838,0.143),('IGTA3','IGC-NM',85796919,0.206),('IGTA3','IGCT',85796919,0.127),('IGTA3','IMOB',85796919,6.412),('IGTA3','ITAG',85796919,0.125),('IGTA3','SMLL',85796919,0.867),('INTB3','IGC',165600000,0.098),('INTB3','IGC-NM',82800000,0.141),('INTB3','ITAG',82800000,0.085),('IRBR3','Ibovespa',1255286531,0.316),('IRBR3','IBrA',1255286531,0.248),('IRBR3','IBrX 100',1255286531,0.269),('IRBR3','IBrX 50',1255286531,0.320),('IRBR3','IFNC',1255286531,1.309),('IRBR3','IGC',2510573062,0.299),('IRBR3','IGC-NM',1255286531,0.430),('IRBR3','IGCT',1255286531,0.264),('IRBR3','ITAG',1255286531,0.260),('IRBR3','SMLL',1255286531,1.843),('ITSA3','IGC',1061351420,0.250),('ITSA4','Ibovespa',4515538171,2.195),('ITSA4','IBrA',4515538171,1.725),('ITSA4','IBrX 100',4515538171,1.872),('ITSA4','IBrX 50',4515538171,2.219),('ITSA4','ICO2',676253233,0.457),('ITSA4','IDIV',1210949386,4.116),('ITSA4','IFNC',4515538171,9.100),('ITSA4','IGC',4515538171,1.041),('ITSA4','IGCT',4515538171,1.837),('ITSA4','ISE',1041867515,1.773),('ITSA4','ITAG',4515538171,1.810),('ITSA4','IVBX 2',4515538171,5.409),('ITSA4','MLCX',4515538171,2.006),('ITUB3','IBrA',384789136,0.352),('ITUB3','IDIV',496338315,4.004),('ITUB3','IFNC',283712976,1.370),('ITUB3','IGC',384789136,0.213),('ITUB3','IGCT',384789136,0.375),('ITUB3','ISE',88782175,0.362),('ITUB3','MLCX',384789136,0.406),('ITUB4','Ibovespa',4770095054,6.194),('ITUB4','IBrA',4770095054,4.867),('ITUB4','IBrX 100',4770095054,5.282),('ITUB4','IBrX 50',4770095054,6.262),('ITUB4','ICO2',5107299218,9.210),('ITUB4','IDIV',388888030,3.514),('ITUB4','IFNC',3517089586,18.934),('ITUB4','IGC',4770095054,2.937),('ITUB4','IGCT',4770095054,5.184),('ITUB4','ISE',1100601278,5.002),('ITUB4','ITAG',4770095054,5.107),('ITUB4','MLCX',4770095054,5.632),('JALL3','IGC',195426896,0.041),('JALL3','IGC-NM',97713448,0.059),('JALL3','ITAG',97713448,0.036),('JBSS3','Ibovespa',1388025890,1.761),('JBSS3','IBrA',1388025890,1.384),('JBSS3','IBrX 100',1388025890,1.502),('JBSS3','IBrX 50',1388025890,1.780),('JBSS3','ICO2',926919954,1.633),('JBSS3','ICON',1388025890,5.371),('JBSS3','IGC',2776051780,1.670),('JBSS3','IGC-NM',1388025890,2.397),('JBSS3','IGCT',1388025890,1.474),('JBSS3','INDX',1388025890,8.229),('JBSS3','ITAG',1388025890,1.452),('JBSS3','IVBX 2',1388025890,4.335),('JBSS3','MLCX',1388025890,1.608),('JHSF3','Ibovespa',288832602,0.092),('JHSF3','IBrA',288832602,0.072),('JHSF3','IBrX 100',288832602,0.078),('JHSF3','ICON',288832602,0.279),('JHSF3','IDIV',586853844,1.266),('JHSF3','IGC',577665204,0.087),('JHSF3','IGC-NM',288832602,0.124),('JHSF3','IGCT',288832602,0.076),('JHSF3','IMOB',288832602,3.890),('JHSF3','INDX',288832602,0.417),('JHSF3','ITAG',288832602,0.075),('JHSF3','SMLL',288832602,0.526),('JPSA3','IBrA',34833911,0.040),('JPSA3','IMOB',34833911,2.193),('JPSA3','SMLL',34833911,0.296),('JSLG3','IGC',126798078,0.031),('JSLG3','IGC-NM',63399039,0.045),('JSLG3','ITAG',63399039,0.027),('KEPL3','ITAG',26291930,0.053),('KLBN11','Ibovespa',922294338,1.059),('KLBN11','IBrA',922294338,0.833),('KLBN11','IBrX 100',922294338,0.903),('KLBN11','IBrX 50',922294338,1.071),('KLBN11','ICO2',794095693,1.266),('KLBN11','IGC',1383441507,0.753),('KLBN11','IGCT',922294338,0.886),('KLBN11','IMAT',922294338,10.142),('KLBN11','INDX',922294338,4.972),('KLBN11','ISE',922294338,3.707),('KLBN11','ITAG',922294338,0.873),('KLBN11','IVBX 2',922294338,2.620),('KLBN11','MLCX',922294338,0.971),('LAME3','IBrA',249502964,0.177),('LAME3','IBrX 100',249502964,0.192),('LAME3','ICO2',230940852,0.289),('LAME3','ICON',249502964,0.686),('LAME3','IGC',249502964,0.107),('LAME3','IGCT',249502964,0.188),('LAME3','ISE',249502964,0.786),('LAME3','ITAG',249502964,0.185),('LAME3','MLCX',249502964,0.200),('LAME4','Ibovespa',847010651,0.797),('LAME4','IBrA',847010651,0.626),('LAME4','IBrX 100',847010651,0.679),('LAME4','IBrX 50',847010651,0.806),('LAME4','ICO2',783996145,1.024),('LAME4','ICON',847010651,2.431),('LAME4','IGC',847010651,0.378),('LAME4','IGCT',847010651,0.667),('LAME4','ISE',847010651,2.789),('LAME4','ITAG',847010651,0.657),('LAME4','IVBX 2',847010651,1.915),('LAME4','MLCX',847010651,0.710),('LAVV3','IBrA',93139429,0.026),('LAVV3','ICON',93139429,0.103),('LAVV3','IGC',186278858,0.032),('LAVV3','IGC-NM',93139429,0.046),('LAVV3','IGCT',93139429,0.028),('LAVV3','IMOB',93139429,1.410),('LAVV3','ITAG',93139429,0.028),('LAVV3','SMLL',93139429,0.191),('LCAM3','Ibovespa',323763077,0.387),('LCAM3','IBrA',323763077,0.304),('LCAM3','IBrX 100',323763077,0.330),('LCAM3','ICO2',695664403,1.155),('LCAM3','ICON',323763077,1.180),('LCAM3','IGC',647526154,0.367),('LCAM3','IGC-NM',323763077,0.527),('LCAM3','IGCT',323763077,0.324),('LCAM3','ITAG',323763077,0.319),('LCAM3','SMLL',323763077,2.256),('LEVE3','IBrA',38492519,0.044),('LEVE3','ICON',38492519,0.171),('LEVE3','IDIV',78209601,0.782),('LEVE3','IGC',76985038,0.053),('LEVE3','IGC-NM',38492519,0.076),('LEVE3','IGCT',38492519,0.046),('LEVE3','ITAG',38492519,0.046),('LEVE3','SMLL',38492519,0.325),('LIGT3','IBrA',372555324,0.195),('LIGT3','IBrX 100',372555324,0.211),('LIGT3','ICO2',795326920,0.735),('LIGT3','IEE',10500,4.776),('LIGT3','IGC',745110648,0.235),('LIGT3','IGC-NM',372555324,0.337),('LIGT3','IGCT',372555324,0.207),('LIGT3','ISE',372555324,0.868),('LIGT3','ITAG',372555324,0.205),('LIGT3','SMLL',372555324,1.433),('LIGT3','UTIL',372555324,2.975),('LJQQ3','IBrA',177734774,0.139),('LJQQ3','ICON',177734774,0.541),('LJQQ3','IGC',355469548,0.168),('LJQQ3','IGC-NM',177734774,0.241),('LJQQ3','IGCT',177734774,0.149),('LJQQ3','ITAG',177734774,0.146),('LJQQ3','SMLL',177734774,1.032),('LOGG3','IBrA',59190591,0.065),('LOGG3','IGC',118381182,0.078),('LOGG3','IGC-NM',59190591,0.112),('LOGG3','IGCT',59190591,0.069),('LOGG3','IMOB',59190591,3.526),('LOGG3','ITAG',59190591,0.068),('LOGG3','SMLL',59190591,0.477),('LOGN3','IBrA',100109944,0.065),('LOGN3','IGC',200219888,0.078),('LOGN3','IGC-NM',100109944,0.112),('LOGN3','IGCT',100109944,0.069),('LOGN3','ITAG',100109944,0.068),('LOGN3','SMLL',100109944,0.472),('LPSB3','IBrA',114874308,0.019),('LPSB3','IGC',229748616,0.022),('LPSB3','IGC-NM',114874308,0.032),('LPSB3','IGCT',114874308,0.020),('LPSB3','IMOB',114874308,0.982),('LPSB3','ITAG',114874308,0.020),('LPSB3','SMLL',114874308,0.133),('LREN3','Ibovespa',887417914,1.711),('LREN3','IBrA',887417914,1.345),('LREN3','IBrX 100',887417914,1.459),('LREN3','IBrX 50',887417914,1.730),('LREN3','ICO2',700989325,1.877),('LREN3','ICON',887417914,5.220),('LREN3','IGC',1774835828,1.622),('LREN3','IGC-NM',887417914,2.329),('LREN3','IGCT',887417914,1.432),('LREN3','ISE',887417914,5.989),('LREN3','ITAG',887417914,1.411),('LREN3','IVBX 2',887417914,4.076),('LREN3','MLCX',887417914,1.511),('LWSA3','Ibovespa',427663748,0.504),('LWSA3','IBrA',427663748,0.396),('LWSA3','IBrX 100',427663748,0.430),('LWSA3','IGC',855327496,0.478),('LWSA3','IGC-NM',427663748,0.687),('LWSA3','IGCT',427663748,0.422),('LWSA3','ITAG',427663748,0.416),('LWSA3','IVBX 2',427663748,1.197),('LWSA3','SMLL',427663748,2.867),('MATD3','IGC',709446386,0.246),('MATD3','IGC-NM',354723193,0.353),('MATD3','ITAG',354723193,0.214),('MBLY3','IGC',88888890,0.033),('MBLY3','IGC-NM',44444445,0.047),('MBLY3','ITAG',44444445,0.029),('MDIA3','IBrA',83669782,0.093),('MDIA3','ICON',83669782,0.363),('MDIA3','IGC',167339564,0.113),('MDIA3','IGC-NM',83669782,0.162),('MDIA3','IGCT',83669782,0.100),('MDIA3','INDX',83669782,0.536),('MDIA3','ISE',83669782,0.417),('MDIA3','ITAG',83669782,0.098),('MDIA3','SMLL',83669782,0.676),('MDNE3','IGC',114399190,0.024),('MDNE3','IGC-NM',57199595,0.034),('MDNE3','ITAG',57199595,0.020),('MEAL3','IBrA',264441032,0.037),('MEAL3','IBrX 100',264441032,0.040),('MEAL3','ICON',264441032,0.143),('MEAL3','IGC',528882064,0.044),('MEAL3','IGC-NM',264441032,0.064),('MEAL3','IGCT',264441032,0.039),('MEAL3','ITAG',264441032,0.039),('MEAL3','SMLL',264441032,0.268),('MELK3','IGC',152429400,0.019),('MELK3','IGC-NM',76214700,0.028),('MELK3','ITAG',76214700,0.017),('MGLU3','Ibovespa',2668955512,2.461),('MGLU3','IBrA',2668955512,1.934),('MGLU3','IBrX 100',2668955512,2.098),('MGLU3','IBrX 50',2668955512,2.488),('MGLU3','ICO2',3117063335,3.992),('MGLU3','ICON',2668955512,7.506),('MGLU3','IGC',5337911024,2.333),('MGLU3','IGC-NM',2668955512,3.349),('MGLU3','IGCT',2668955512,2.059),('MGLU3','ITAG',2668955512,2.029),('MGLU3','MLCX',2668955512,2.196),('MILS3','IBrA',115486678,0.034),('MILS3','IGC',230973356,0.042),('MILS3','IGC-NM',115486678,0.060),('MILS3','IGCT',115486678,0.037),('MILS3','ITAG',115486678,0.036),('MILS3','SMLL',115486678,0.260),('MODL11','IGC',76575000,0.029),('MODL11','ITAG',51050000,0.034),('MODL3','IGC',55809000,0.009),('MODL3','ITAG',37206000,0.010),('MODL4','IGC',111591000,0.013),('MODL4','ITAG',74394000,0.015),('MOSI3','IGC',111188920,0.042),('MOSI3','IGC-NM',55594460,0.061),('MOSI3','ITAG',55594460,0.037),('MOVI3','IBrA',132113940,0.089),('MOVI3','IBrX 100',132113940,0.097),('MOVI3','ICO2',655523140,0.781),('MOVI3','ICON',132113940,0.346),('MOVI3','IGC',264227880,0.108),('MOVI3','IGC-NM',132113940,0.154),('MOVI3','IGCT',132113940,0.095),('MOVI3','ISE',132113940,0.397),('MOVI3','ITAG',132113940,0.094),('MOVI3','SMLL',132113940,0.660),('MRFG3','Ibovespa',368864634,0.307),('MRFG3','IBrA',368864634,0.242),('MRFG3','IBrX 100',368864634,0.262),('MRFG3','IBrX 50',368864634,0.311),('MRFG3','ICO2',708091118,0.821),('MRFG3','ICON',368864634,0.939),('MRFG3','IGC',737729268,0.292),('MRFG3','IGC-NM',368864634,0.419),('MRFG3','IGCT',368864634,0.258),('MRFG3','INDX',368864634,1.460),('MRFG3','ISE',368864634,1.077),('MRFG3','ITAG',368864634,0.254),('MRFG3','IVBX 2',368864634,0.769),('MRFG3','SMLL',368864634,1.842),('MRVE3','Ibovespa',293978672,0.209),('MRVE3','IBrA',293978672,0.164),('MRVE3','IBrX 100',293978672,0.178),('MRVE3','ICO2',812065240,0.803),('MRVE3','ICON',293978672,0.638),('MRVE3','IDIV',591809917,2.903),('MRVE3','IGC',587957344,0.198),('MRVE3','IGC-NM',293978672,0.285),('MRVE3','IGCT',293978672,0.175),('MRVE3','IMOB',293978672,9.001),('MRVE3','INDX',293978672,0.964),('MRVE3','ISE',293978672,0.733),('MRVE3','ITAG',293978672,0.173),('MRVE3','SMLL',293978672,1.217),('MTIG4','ITAG',41850,0.000),('MTRE3','IBrA',54039454,0.022),('MTRE3','ICON',54039454,0.086),('MTRE3','IGC',108078908,0.027),('MTRE3','IGC-NM',54039454,0.038),('MTRE3','IGCT',54039454,0.024),('MTRE3','IMOB',54039454,1.171),('MTRE3','ITAG',54039454,0.023),('MTRE3','SMLL',54039454,0.158),('MULT3','Ibovespa',245888754,0.252),('MULT3','IBrA',245888754,0.198),('MULT3','IBrX 100',245888754,0.215),('MULT3','IBrX 50',245888754,0.255),('MULT3','ICO2',497365567,0.708),('MULT3','IGC',368833131,0.179),('MULT3','IGCT',245888754,0.211),('MULT3','IMOB',245888754,10.634),('MULT3','ITAG',245888754,0.207),('MULT3','IVBX 2',245888754,0.600),('MULT3','SMLL',245888754,1.438),('MYPK3','IBrA',141465625,0.078),('MYPK3','ICON',141465625,0.302),('MYPK3','IGC',282931250,0.094),('MYPK3','IGC-NM',141465625,0.135),('MYPK3','IGCT',141465625,0.083),('MYPK3','INDX',141465625,0.467),('MYPK3','ITAG',141465625,0.082),('MYPK3','SMLL',141465625,0.589),('NEOE3','IBrA',226098192,0.135),('NEOE3','IBrX 100',226098192,0.146),('NEOE3','ICO2',352202047,0.370),('NEOE3','IEE',11500,5.955),('NEOE3','IGC',452196384,0.162),('NEOE3','IGC-NM',226098192,0.233),('NEOE3','IGCT',226098192,0.143),('NEOE3','ISE',226098192,0.599),('NEOE3','ITAG',226098192,0.141),('NEOE3','MLCX',226098192,0.155),('NEOE3','UTIL',226098192,2.080),('NGRD3','IBrA',108100000,0.021),('NGRD3','IGC',216200000,0.026),('NGRD3','IGC-NM',108100000,0.037),('NGRD3','IGCT',108100000,0.023),('NGRD3','ITAG',108100000,0.022),('NGRD3','SMLL',108100000,0.170),('NINJ3','IGC',85795778,0.047),('NINJ3','IGC-NM',42897889,0.068),('NINJ3','ITAG',42897889,0.041),('NTCO3','Ibovespa',841433075,2.082),('NTCO3','IBrA',841433075,1.636),('NTCO3','IBrX 100',841433075,1.775),('NTCO3','IBrX 50',841433075,2.104),('NTCO3','ICO2',1030440669,3.540),('NTCO3','ICON',841433075,6.349),('NTCO3','IGC',1682866150,1.974),('NTCO3','IGC-NM',841433075,2.833),('NTCO3','IGCT',841433075,1.742),('NTCO3','INDX',841433075,9.799),('NTCO3','ISE',841433075,7.285),('NTCO3','ITAG',841433075,1.716),('NTCO3','IVBX 2',841433075,5.163),('NTCO3','MLCX',841433075,1.914),('ODPV3','IBrA',263448316,0.118),('ODPV3','ICON',263448316,0.456),('ODPV3','IGC',526896632,0.142),('ODPV3','IGC-NM',263448316,0.204),('ODPV3','IGCT',263448316,0.125),('ODPV3','ITAG',263448316,0.124),('ODPV3','SMLL',263448316,0.861),('OFSA3','IGC',47165666,0.033),('OFSA3','IGC-NM',23582833,0.048),('OFSA3','ITAG',23582833,0.029),('OMGE3','IBrA',122249557,0.159),('OMGE3','IEE',4900,5.550),('OMGE3','IGC',244499114,0.192),('OMGE3','IGC-NM',122249557,0.276),('OMGE3','IGCT',122249557,0.169),('OMGE3','ITAG',122249557,0.167),('OMGE3','SMLL',122249557,1.171),('OMGE3','UTIL',122249557,2.432),('OPCT3','IGC',399919108,0.074),('OPCT3','IGC-NM',199959554,0.106),('OPCT3','ITAG',199959554,0.064),('ORVR3','IGC',67836198,0.041),('ORVR3','IGC-NM',33918099,0.059),('ORVR3','ITAG',33918099,0.036),('OSXB3','ITAG',1062294,0.000),('PARD3','IBrA',43661030,0.031),('PARD3','ICON',43661030,0.122),('PARD3','IGC',87322060,0.038),('PARD3','IGC-NM',43661030,0.054),('PARD3','IGCT',43661030,0.033),('PARD3','ITAG',43661030,0.033),('PARD3','SMLL',43661030,0.234),('PCAR3','Ibovespa',156928631,0.264),('PCAR3','IBrA',156928631,0.208),('PCAR3','IBrX 100',156928631,0.226),('PCAR3','ICO2',384977240,0.901),('PCAR3','ICON',156928631,0.807),('PCAR3','IGC',313857262,0.251),('PCAR3','IGC-NM',156928631,0.360),('PCAR3','IGCT',156928631,0.221),('PCAR3','ISE',156928631,0.926),('PCAR3','ITAG',156928631,0.218),('PCAR3','IVBX 2',156928631,0.643),('PCAR3','SMLL',156928631,1.540),('PDTC3','IGC',69787612,0.010),('PDTC3','IGC-NM',34893806,0.014),('PDTC3','ITAG',34893806,0.008),('PETR3','Ibovespa',3620580434,4.781),('PETR3','IBrA',3684060179,3.823),('PETR3','IBrX 100',3684060179,4.148),('PETR3','IBrX 50',3684060179,4.918),('PETR3','ICO2',1028175778,1.886),('PETR3','IGC',5526090268,3.460),('PETR3','IGCT',3684060179,4.071),('PETR3','ISE',1367129345,6.319),('PETR3','ITAG',3684060179,4.011),('PETR3','MLCX',3684060179,4.360),('PETR4','Ibovespa',4566457037,5.859),('PETR4','IBrA',4566457037,4.604),('PETR4','IBrX 100',4566457037,4.996),('PETR4','IBrX 50',4566457037,5.923),('PETR4','ICO2',1274441863,2.271),('PETR4','IGC',6849685555,4.166),('PETR4','IGCT',4566457037,4.903),('PETR4','ISE',1694580738,7.610),('PETR4','ITAG',4566457037,4.831),('PETR4','MLCX',4566457037,5.277),('PETZ3','IBrA',261956811,0.231),('PETZ3','ICON',261956811,0.897),('PETZ3','IGC',523913622,0.279),('PETZ3','IGC-NM',261956811,0.401),('PETZ3','IGCT',261956811,0.246),('PETZ3','ITAG',261956811,0.242),('PETZ3','SMLL',261956811,1.675),('PFRM3','IGC',174999556,0.024),('PFRM3','IGC-NM',87499778,0.035),('PFRM3','ITAG',87499778,0.021),('PGMN3','IGC',318636000,0.074),('PGMN3','IGC-NM',159318000,0.106),('PGMN3','ITAG',159318000,0.064),('PINE4','IGC',80381151,0.005),('PINE4','ITAG',53587434,0.006),('PLPL3','IGC',146809000,0.019),('PLPL3','IGC-NM',73404500,0.027),('PLPL3','ITAG',73404500,0.016),('PMAM3','IGC',86807698,0.027),('PMAM3','IGC-NM',43403849,0.038),('PMAM3','ITAG',43403849,0.024),('PNVL3','IBrA',68859355,0.050),('PNVL3','ICON',68859355,0.196),('PNVL3','IGC',103289032,0.046),('PNVL3','IGCT',68859355,0.054),('PNVL3','ITAG',68859355,0.053),('PNVL3','SMLL',68859355,0.366),('PNVL4','IGC',20228535,0.009),('PNVL4','ITAG',13485690,0.010),('POMO3','IGC',251510290,0.017),('POMO3','ITAG',167673527,0.019),('POMO4','IBrA',573419889,0.067),('POMO4','IGC',860129833,0.060),('POMO4','IGCT',573419889,0.071),('POMO4','INDX',573419889,0.406),('POMO4','ITAG',573419889,0.070),('POMO4','SMLL',573419889,0.512),('POSI3','IBrA',78616498,0.033),('POSI3','IGC',157232996,0.040),('POSI3','IGC-NM',78616498,0.058),('POSI3','IGCT',78616498,0.035),('POSI3','INDX',78616498,0.194),('POSI3','ITAG',78616498,0.035),('POSI3','SMLL',78616498,0.245),('POWE3','IGC',85728162,0.029),('POWE3','IGC-NM',42864081,0.042),('POWE3','ITAG',42864081,0.025),('PRIO3','Ibovespa',807220415,0.686),('PRIO3','IBrA',807220415,0.539),('PRIO3','IBrX 100',807220415,0.585),('PRIO3','IBrX 50',807220415,0.693),('PRIO3','IGC',1614440830,0.650),('PRIO3','IGC-NM',807220415,0.933),('PRIO3','IGCT',807220415,0.574),('PRIO3','ITAG',807220415,0.566),('PRIO3','IVBX 2',807220415,1.778),('PRIO3','SMLL',807220415,4.257),('PRNR3','IGC',76355100,0.016),('PRNR3','IGC-NM',38177550,0.024),('PRNR3','ITAG',38177550,0.014),('PSSA3','IBrA',93637072,0.172),('PSSA3','IBrX 100',93637072,0.186),('PSSA3','ICO2',65844540,0.213),('PSSA3','IDIV',190253023,3.139),('PSSA3','IFNC',93637072,0.905),('PSSA3','IGC',187274144,0.207),('PSSA3','IGC-NM',93637072,0.297),('PSSA3','IGCT',93637072,0.183),('PSSA3','ITAG',93637072,0.180),('PSSA3','MLCX',93637072,0.202),('PTBL3','IBrA',69996578,0.042),('PTBL3','IGC',139993156,0.051),('PTBL3','IGC-NM',69996578,0.073),('PTBL3','IGCT',69996578,0.045),('PTBL3','INDX',69996578,0.251),('PTBL3','ITAG',69996578,0.044),('PTBL3','SMLL',69996578,0.316),('PTNT4','ITAG',31585060,0.007),('QUAL3','Ibovespa',283467789,0.357),('QUAL3','IBrA',283467789,0.281),('QUAL3','IBrX 100',283467789,0.305),('QUAL3','ICON',283467789,1.090),('QUAL3','IDIV',257788132,2.226),('QUAL3','IGC',566935578,0.339),('QUAL3','IGC-NM',283467789,0.486),('QUAL3','IGCT',283467789,0.299),('QUAL3','ITAG',283467789,0.295),('QUAL3','IVBX 2',283467789,0.863),('QUAL3','SMLL',283467789,2.066),('RADL3','Ibovespa',1072645150,1.155),('RADL3','IBrA',1072645150,0.908),('RADL3','IBrX 100',1072645150,0.985),('RADL3','IBrX 50',1072645150,1.168),('RADL3','ICO2',1433987959,2.145),('RADL3','ICON',1072645150,3.525),('RADL3','IGC',2145290300,1.096),('RADL3','IGC-NM',1072645150,1.573),('RADL3','IGCT',1072645150,0.967),('RADL3','ITAG',1072645150,0.953),('RADL3','IVBX 2',1072645150,2.829),('RADL3','MLCX',1072645150,1.049),('RAIL3','Ibovespa',1218081171,1.017),('RAIL3','IBrA',1218081171,0.799),('RAIL3','IBrX 100',1218081171,0.867),('RAIL3','IBrX 50',1218081171,1.028),('RAIL3','ICO2',938447831,1.088),('RAIL3','IGC',2436162342,0.964),('RAIL3','IGC-NM',1218081171,1.384),('RAIL3','IGCT',1218081171,0.851),('RAIL3','ITAG',1218081171,0.838),('RAIL3','IVBX 2',1218081171,2.580),('RAIL3','MLCX',1218081171,0.957),('RANI3','IBrA',85725289,0.027),('RANI3','IGC',171450578,0.033),('RANI3','IGC-NM',85725289,0.047),('RANI3','IGCT',85725289,0.029),('RANI3','IMAT',85725289,0.321),('RANI3','ITAG',85725289,0.028),('RANI3','SMLL',85725289,0.199),('RAPT3','IGC',21308966,0.006),('RAPT4','IBrA',177421406,0.082),('RAPT4','IBrX 100',177421406,0.090),('RAPT4','IGC',177421406,0.050),('RAPT4','IGCT',177421406,0.088),('RAPT4','INDX',177421406,0.483),('RAPT4','ITAG',177421406,0.087),('RAPT4','SMLL',177421406,0.610),('RCSL4','IBrA',50414424,0.004),('RCSL4','SMLL',50414424,0.027),('RDNI3','IGC',30099670,0.007),('RDNI3','IGC-NM',15049835,0.011),('RDNI3','ITAG',15049835,0.006),('RDOR3','IBrA',903127590,2.136),('RDOR3','ICON',903127590,8.290),('RDOR3','IGC',1806255180,2.577),('RDOR3','IGC-NM',903127590,3.699),('RDOR3','IGCT',903127590,2.275),('RDOR3','ITAG',903127590,2.241),('RDOR3','MLCX',903127590,2.489),('RECV3','IGC',447335116,0.183),('RECV3','IGC-NM',223667558,0.262),('RECV3','ITAG',223667558,0.159),('RENT3','Ibovespa',593841434,1.657),('RENT3','IBrA',593841434,1.302),('RENT3','IBrX 100',593841434,1.413),('RENT3','IBrX 50',593841434,1.675),('RENT3','ICO2',321961419,1.248),('RENT3','ICON',593841434,5.054),('RENT3','IGC',1187682868,1.571),('RENT3','IGC-NM',593841434,2.255),('RENT3','IGCT',593841434,1.387),('RENT3','ITAG',593841434,1.366),('RENT3','IVBX 2',593841434,3.980),('RENT3','MLCX',593841434,1.476),('ROMI3','IBrA',37272660,0.031),('ROMI3','IDIV',75731076,0.569),('ROMI3','IGC',74545320,0.037),('ROMI3','IGC-NM',37272660,0.054),('ROMI3','IGCT',37272660,0.033),('ROMI3','INDX',37272660,0.188),('ROMI3','ITAG',37272660,0.032),('ROMI3','SMLL',37272660,0.236),('RRRP3','IBrA',129507288,0.201),('RRRP3','IGC',259014576,0.243),('RRRP3','IGC-NM',129507288,0.348),('RRRP3','IGCT',129507288,0.214),('RRRP3','ITAG',129507288,0.211),('RRRP3','SMLL',129507288,1.521),('RSID3','IGC',27353212,0.006),('RSID3','IGC-NM',13676606,0.009),('RSID3','ITAG',13676606,0.005),('SANB11','Ibovespa',355642348,0.628),('SANB11','IBrA',355642348,0.493),('SANB11','IBrX 100',355642348,0.535),('SANB11','ICO2',588692698,1.444),('SANB11','IDIV',183742990,2.270),('SANB11','IFNC',355642348,2.603),('SANB11','ISE',82057153,0.507),('SANB11','ITAG',355642348,0.518),('SANB11','MLCX',355642348,0.574),('SAPR11','IBrA',200991234,0.140),('SAPR11','IBrX 100',200991234,0.152),('SAPR11','ICO2',93022011,0.115),('SAPR11','IGC',301486851,0.127),('SAPR11','IGCT',200991234,0.149),('SAPR11','ITAG',200991234,0.147),('SAPR11','SMLL',200991234,1.036),('SAPR11','UTIL',200991234,2.153),('SAPR4','IBrA',203503821,0.029),('SAPR4','IDIV',413481715,0.510),('SAPR4','IGC',305255731,0.026),('SAPR4','IGCT',203503821,0.030),('SAPR4','ITAG',203503821,0.030),('SAPR4','SMLL',203503821,0.212),('SAPR4','UTIL',203503821,0.439),('SBFG3','IBrA',88709474,0.116),('SBFG3','IBrX 100',88709474,0.126),('SBFG3','ICON',88709474,0.451),('SBFG3','IGC',177418948,0.140),('SBFG3','IGC-NM',88709474,0.201),('SBFG3','IGCT',88709474,0.124),('SBFG3','ITAG',88709474,0.122),('SBFG3','SMLL',88709474,0.873),('SBSP3','Ibovespa',339999111,0.542),('SBSP3','IBrA',339999111,0.426),('SBSP3','IBrX 100',339999111,0.462),('SBSP3','IBrX 50',339999111,0.548),('SBSP3','IGC',679998222,0.514),('SBSP3','IGC-NM',339999111,0.738),('SBSP3','IGCT',339999111,0.454),('SBSP3','ITAG',339999111,0.447),('SBSP3','IVBX 2',339999111,1.316),('SBSP3','MLCX',339999111,0.488),('SBSP3','UTIL',339999111,6.544),('SCAR3','IGC',45554704,0.040),('SCAR3','IGC-NM',22777352,0.058),('SCAR3','ITAG',22777352,0.035),('SEER3','IBrA',54346207,0.035),('SEER3','ICON',54346207,0.136),('SEER3','IGC',108692414,0.042),('SEER3','IGC-NM',54346207,0.060),('SEER3','IGCT',54346207,0.037),('SEER3','ITAG',54346207,0.037),('SEER3','SMLL',54346207,0.248),('SEQL3','IBrA',109785229,0.106),('SEQL3','IGC',219570458,0.128),('SEQL3','IGC-NM',109785229,0.183),('SEQL3','IGCT',109785229,0.113),('SEQL3','ITAG',109785229,0.111),('SEQL3','SMLL',109785229,0.806),('SGPS3','IGC',46817282,0.011),('SGPS3','IGC-NM',23408641,0.016),('SGPS3','ITAG',23408641,0.010),('SHOW3','IGC',70227480,0.009),('SHOW3','IGC-NM',35113740,0.013),('SHOW3','ITAG',35113740,0.008),('SIMH3','IBrA',85662375,0.163),('SIMH3','IGC',171324750,0.197),('SIMH3','IGC-NM',85662375,0.283),('SIMH3','IGCT',85662375,0.174),('SIMH3','ITAG',85662375,0.171),('SIMH3','SMLL',85662375,1.226),('SLCE3','IBrA',86086214,0.151),('SLCE3','ICON',86086214,0.587),('SLCE3','IDIV',174911091,2.768),('SLCE3','IGC',172172428,0.183),('SLCE3','IGC-NM',86086214,0.262),('SLCE3','IGCT',86086214,0.161),('SLCE3','ITAG',86086214,0.159),('SLCE3','SMLL',86086214,1.149),('SMTO3','IBrA',143032073,0.177),('SMTO3','ICON',143032073,0.687),('SMTO3','IGC',286064146,0.214),('SMTO3','IGC-NM',143032073,0.306),('SMTO3','IGCT',143032073,0.188),('SMTO3','INDX',143032073,1.050),('SMTO3','ITAG',143032073,0.186),('SMTO3','SMLL',143032073,1.325),('SOJA3','IGC',80808080,0.026),('SOJA3','IGC-NM',40404040,0.037),('SOJA3','ITAG',40404040,0.022),('SOMA3','IBrA',183851421,0.100),('SOMA3','ICON',183851421,0.390),('SOMA3','IGC',367702842,0.121),('SOMA3','IGC-NM',183851421,0.174),('SOMA3','IGCT',183851421,0.107),('SOMA3','ITAG',183851421,0.105),('SOMA3','SMLL',183851421,0.736),('SQIA3','IBrA',58702058,0.050),('SQIA3','IGC',117404116,0.060),('SQIA3','IGC-NM',58702058,0.086),('SQIA3','IGCT',58702058,0.053),('SQIA3','ITAG',58702058,0.052),('SQIA3','SMLL',58702058,0.367),('STBP3','IBrA',857995211,0.265),('STBP3','IGC',1715990422,0.320),('STBP3','IGC-NM',857995211,0.460),('STBP3','IGCT',857995211,0.283),('STBP3','ITAG',857995211,0.279),('STBP3','SMLL',857995211,2.042),('SULA11','Ibovespa',284566116,0.432),('SULA11','IBrA',284566116,0.339),('SULA11','IBrX 100',284566116,0.368),('SULA11','ICO2',572560641,1.206),('SULA11','IFNC',284566116,1.790),('SULA11','IGC',426849174,0.307),('SULA11','IGCT',284566116,0.361),('SULA11','ITAG',284566116,0.356),('SULA11','IVBX 2',284566116,1.043),('SULA11','MLCX',284566116,0.387),('SUZB3','Ibovespa',724921241,1.890),('SUZB3','IBrA',724921241,1.485),('SUZB3','IBrX 100',724921241,1.612),('SUZB3','IBrX 50',724921241,1.911),('SUZB3','ICO2',627705564,2.273),('SUZB3','IGC',1449842482,1.792),('SUZB3','IGC-NM',724921241,2.573),('SUZB3','IGCT',724921241,1.582),('SUZB3','IMAT',724921241,18.154),('SUZB3','INDX',724921241,8.901),('SUZB3','ISE',724921241,6.616),('SUZB3','ITAG',724921241,1.558),('SUZB3','IVBX 2',724921241,4.690),('SUZB3','MLCX',724921241,1.739),('TAEE11','Ibovespa',218568274,0.352),('TAEE11','IBrA',218568274,0.277),('TAEE11','IBrX 100',218568274,0.300),('TAEE11','IDIV',444089867,4.977),('TAEE11','IEE',5100,5.610),('TAEE11','IGC',327852411,0.250),('TAEE11','IGCT',218568274,0.294),('TAEE11','ITAG',218568274,0.290),('TAEE11','SMLL',218568274,2.067),('TAEE11','UTIL',218568274,4.292),('TASA3','IGC',11693211,0.006),('TASA3','ITAG',7795474,0.007),('TASA4','IBrA',48884169,0.040),('TASA4','IGC',73326253,0.036),('TASA4','IGCT',48884169,0.042),('TASA4','INDX',48884169,0.239),('TASA4','ITAG',48884169,0.042),('TASA4','SMLL',48884169,0.302),('TCSA3','IBrA',54501246,0.016),('TCSA3','ICON',54501246,0.061),('TCSA3','IGC',109002492,0.019),('TCSA3','IGC-NM',54501246,0.027),('TCSA3','IGCT',54501246,0.017),('TCSA3','IMOB',54501246,0.848),('TCSA3','INDX',54501246,0.091),('TCSA3','ITAG',54501246,0.016),('TCSA3','SMLL',54501246,0.115),('TECN3','IGC',129806144,0.008),('TECN3','IGC-NM',64903072,0.012),('TECN3','ITAG',64903072,0.007),('TEND3','IBrA',96408761,0.083),('TEND3','ICON',96408761,0.321),('TEND3','IGC',192817522,0.100),('TEND3','IGC-NM',96408761,0.143),('TEND3','IGCT',96408761,0.088),('TEND3','IMOB',96408761,4.539),('TEND3','INDX',96408761,0.486),('TEND3','ITAG',96408761,0.087),('TEND3','SMLL',96408761,0.614),('TESA3','IGC',14369458,0.015),('TESA3','IGC-NM',7184729,0.021),('TESA3','ITAG',7184729,0.013),('TFCO4','IGC',86304331,0.028),('TFCO4','ITAG',57536221,0.032),('TGMA3','IBrA',32001480,0.027),('TGMA3','IDIV',65021024,0.456),('TGMA3','IGC',64002960,0.032),('TGMA3','IGC-NM',32001480,0.046),('TGMA3','IGCT',32001480,0.028),('TGMA3','ITAG',32001480,0.028),('TGMA3','SMLL',32001480,0.189),('TIMS3','Ibovespa',808485985,0.406),('TIMS3','IBrA',808485985,0.319),('TIMS3','IBrX 100',808485985,0.347),('TIMS3','ICO2',1552592932,1.084),('TIMS3','IGC',1616971970,0.385),('TIMS3','IGC-NM',808485985,0.553),('TIMS3','IGCT',808485985,0.340),('TIMS3','ISE',808485985,1.422),('TIMS3','ITAG',808485985,0.335),('TIMS3','IVBX 2',808485985,0.986),('TIMS3','MLCX',808485985,0.366),('TOTS3','Ibovespa',480228410,0.788),('TOTS3','IBrA',480228410,0.619),('TOTS3','IBrX 100',480228410,0.672),('TOTS3','IBrX 50',480228410,0.797),('TOTS3','IGC',960456820,0.747),('TOTS3','IGC-NM',480228410,1.073),('TOTS3','IGCT',480228410,0.660),('TOTS3','ITAG',480228410,0.650),('TOTS3','IVBX 2',480228410,1.877),('TOTS3','MLCX',480228410,0.696),('TPIS3','IGC',148123046,0.011),('TPIS3','IGC-NM',74061523,0.015),('TPIS3','ITAG',74061523,0.009),('TRIS3','IBrA',78643944,0.026),('TRIS3','ICON',78643944,0.102),('TRIS3','IDIV',159789790,0.474),('TRIS3','IGC',157287888,0.032),('TRIS3','IGC-NM',78643944,0.046),('TRIS3','IGCT',78643944,0.028),('TRIS3','IMOB',78643944,1.456),('TRIS3','INDX',78643944,0.156),('TRIS3','ITAG',78643944,0.027),('TRIS3','SMLL',78643944,0.197),('TRPL3','IGC',27080900,0.018),('TRPL4','IBrA',395797044,0.340),('TRPL4','IDIV',804185592,6.003),('TRPL4','IEE',7200,5.385),('TRPL4','IGC',395797044,0.205),('TRPL4','IGCT',395797044,0.362),('TRPL4','MLCX',395797044,0.386),('TRPL4','UTIL',395797044,5.177),('TUPY3','IBrA',66821197,0.054),('TUPY3','IGC',133642394,0.065),('TUPY3','IGC-NM',66821197,0.094),('TUPY3','IGCT',66821197,0.058),('TUPY3','INDX',66821197,0.313),('TUPY3','ITAG',66821197,0.057),('TUPY3','SMLL',66821197,0.395),('UCAS3','IGC',58681276,0.006),('UCAS3','IGC-NM',29340638,0.009),('UCAS3','ITAG',29340638,0.005),('UGPA3','Ibovespa',1085987426,0.871),('UGPA3','IBrA',1085987426,0.684),('UGPA3','IBrX 100',1085987426,0.742),('UGPA3','IBrX 50',1085987426,0.880),('UGPA3','ICO2',1423070876,1.585),('UGPA3','IGC',2171974852,0.826),('UGPA3','IGC-NM',1085987426,1.185),('UGPA3','IGCT',1085987426,0.729),('UGPA3','ITAG',1085987426,0.718),('UGPA3','IVBX 2',1085987426,2.117),('UGPA3','MLCX',1085987426,0.785),('UNIP6','IBrA',44332601,0.150),('UNIP6','IDIV',90075556,2.700),('UNIP6','IMAT',44332601,1.812),('UNIP6','SMLL',44332601,1.121),('USIM3','IGC',161021803,0.066),('USIM5','Ibovespa',513796208,0.428),('USIM5','IBrA',513796208,0.336),('USIM5','IBrX 100',513796208,0.365),('USIM5','IBrX 50',513796208,0.433),('USIM5','IGC',513796208,0.203),('USIM5','IGCT',513796208,0.358),('USIM5','IMAT',513796208,4.114),('USIM5','INDX',513796208,2.017),('USIM5','IVBX 2',513796208,1.063),('USIM5','MLCX',513796208,0.394),('VALE3','Ibovespa',2456887211,12.130),('VALE3','IBrA',4997125690,19.388),('VALE3','IBrX 100',5130801424,21.601),('VALE3','IBrX 50',5130801424,25.610),('VALE3','IGC',8207010444,19.210),('VALE3','IGC-NM',2889469796,19.416),('VALE3','IGCT',4687084947,19.366),('VALE3','IMAT',463449935,21.408),('VALE3','ITAG',4721557982,19.221),('VALE3','MLCX',5130801424,22.703),('VAMO3','IGC',91240874,0.107),('VAMO3','IGC-NM',45620437,0.153),('VAMO3','ITAG',45620437,0.093),('VIVA3','IBrA',93368726,0.105),('VIVA3','ICON',93368726,0.409),('VIVA3','IGC',186737452,0.127),('VIVA3','IGC-NM',93368726,0.182),('VIVA3','IGCT',93368726,0.112),('VIVA3','INDX',93368726,0.608),('VIVA3','ITAG',93368726,0.110),('VIVA3','SMLL',93368726,0.767),('VIVT3','Ibovespa',444219852,0.807),('VIVT3','IBrA',444219852,0.634),('VIVT3','IBrX 100',444219852,0.688),('VIVT3','ICO2',319148246,0.805),('VIVT3','IDIV',427927171,5.420),('VIVT3','ISE',444219852,2.825),('VIVT3','IVBX 2',444219852,1.982),('VIVT3','MLCX',444219852,0.735),('VLID3','IBrA',78582401,0.030),('VLID3','IGC',157164802,0.036),('VLID3','IGC-NM',78582401,0.051),('VLID3','IGCT',78582401,0.032),('VLID3','ITAG',78582401,0.031),('VLID3','SMLL',78582401,0.214),('VULC3','IBrA',74685291,0.025),('VULC3','ICON',74685291,0.097),('VULC3','IGC',149370582,0.030),('VULC3','IGC-NM',74685291,0.043),('VULC3','IGCT',74685291,0.027),('VULC3','ITAG',74685291,0.026),('VULC3','SMLL',74685291,0.195),('VVAR3','Ibovespa',1595508601,1.098),('VVAR3','IBrA',1595508601,0.863),('VVAR3','IBrX 100',1595508601,0.937),('VVAR3','IBrX 50',1595508601,1.110),('VVAR3','ICON',1595508601,3.350),('VVAR3','IGC',3191017202,1.041),('VVAR3','IGC-NM',1595508601,1.495),('VVAR3','IGCT',1595508601,0.919),('VVAR3','ITAG',1595508601,0.906),('VVAR3','MLCX',1595508601,0.981),('WEGE3','Ibovespa',1482296002,2.177),('WEGE3','IBrA',1482296002,1.711),('WEGE3','IBrX 100',1482296002,1.856),('WEGE3','IBrX 50',1482296002,2.202),('WEGE3','ICO2',1699398094,3.466),('WEGE3','IGC',2964592004,2.064),('WEGE3','IGC-NM',1482296002,2.963),('WEGE3','IGCT',1482296002,1.822),('WEGE3','INDX',1482296002,10.333),('WEGE3','ISE',1482296002,7.621),('WEGE3','ITAG',1482296002,1.795),('WEGE3','MLCX',1482296002,2.019),('WEST3','IGC',158877896,0.030),('WEST3','IGC-NM',79438948,0.044),('WEST3','ITAG',79438948,0.026),('WIZS3','IBrA',77719799,0.047),('WIZS3','IDIV',157912100,0.812),('WIZS3','IGC',155439598,0.057),('WIZS3','IGC-NM',77719799,0.081),('WIZS3','IGCT',77719799,0.050),('WIZS3','ITAG',77719799,0.049),('WIZS3','SMLL',77719799,0.337),('YDUQ3','Ibovespa',300483575,0.430),('YDUQ3','IBrA',300483575,0.338),('YDUQ3','IBrX 100',300483575,0.367),('YDUQ3','ICON',300483575,1.312),('YDUQ3','IGC',600967150,0.408),('YDUQ3','IGC-NM',300483575,0.586),('YDUQ3','IGCT',300483575,0.359),('YDUQ3','ITAG',300483575,0.354),('YDUQ3','IVBX 2',300483575,1.043),('YDUQ3','SMLL',300483575,2.499);
/*!40000 ALTER TABLE `listagem` ENABLE KEYS */;
UNLOCK TABLES;
/*!40103 SET TIME_ZONE=@OLD_TIME_ZONE */;

/*!40101 SET SQL_MODE=@OLD_SQL_MODE */;
/*!40014 SET FOREIGN_KEY_CHECKS=@OLD_FOREIGN_KEY_CHECKS */;
/*!40014 SET UNIQUE_CHECKS=@OLD_UNIQUE_CHECKS */;
/*!40101 SET CHARACTER_SET_CLIENT=@OLD_CHARACTER_SET_CLIENT */;
/*!40101 SET CHARACTER_SET_RESULTS=@OLD_CHARACTER_SET_RESULTS */;
/*!40101 SET COLLATION_CONNECTION=@OLD_COLLATION_CONNECTION */;
/*!40111 SET SQL_NOTES=@OLD_SQL_NOTES */;

-- Dump completed on 2021-07-05 11:59:41
